日期,股票代码,开盘,收盘,最高,最低,成交量,成交额,振幅,涨跌幅,涨跌额,换手率
2021-09-24,159943,1.418,1.423,1.438,1.418,233,393717.0,1.41,0.07,0.001,0.01
2021-09-27,159943,1.426,1.422,1.446,1.419,548,925669.0,1.9,-0.07,-0.001,0.03
2021-09-28,159943,1.422,1.426,1.426,1.414,231,388124.0,0.84,0.28,0.004,0.01
2021-09-29,159943,1.411,1.405,1.413,1.396,365,606649.0,1.19,-1.47,-0.021,0.02
2021-09-30,159943,1.411,1.418,1.427,1.411,243,409476.0,1.14,0.93,0.013,0.01
2021-10-08,159943,1.424,1.43,1.439,1.422,415,700427.0,1.2,0.85,0.012,0.03
2021-10-11,159943,1.43,1.427,1.44,1.422,156,263206.0,1.26,-0.21,-0.003,0.01
2021-10-12,159943,1.411,1.407,1.424,1.396,381,631485.0,1.96,-1.4,-0.02,0.02
2021-10-13,159943,1.409,1.43,1.43,1.407,418,701609.0,1.63,1.63,0.023,0.03
2021-10-14,159943,1.419,1.426,1.434,1.419,174,293560.0,1.05,-0.28,-0.004,0.01
2021-10-15,159943,1.417,1.437,1.437,1.417,439,743998.0,1.4,0.77,0.011,0.03
2021-10-18,159943,1.43,1.422,1.43,1.417,249,417954.0,0.9,-1.04,-0.015,0.02
2021-10-19,159943,1.423,1.442,1.442,1.423,428,726294.0,1.34,1.41,0.02,0.03
2021-10-20,159943,1.444,1.437,1.447,1.434,367,623648.0,0.9,-0.35,-0.005,0.02
2021-10-21,159943,1.434,1.431,1.439,1.426,63,106708.0,0.9,-0.42,-0.006,0.0
2021-10-22,159943,1.431,1.441,1.445,1.431,7461,1074347.0,0.98,0.7,0.01,0.45
2021-10-25,159943,1.441,1.448,1.449,1.419,6852,988203.0,2.08,0.49,0.007,0.42
2021-10-26,159943,1.448,1.446,1.459,1.438,4288,621451.0,1.45,-0.14,-0.002,0.26
2021-10-27,159943,1.433,1.432,1.443,1.423,1276,182900.0,1.38,-0.97,-0.014,0.08
2021-10-28,159943,1.432,1.419,1.432,1.408,6696,949168.0,1.68,-0.91,-0.013,0.41
2021-10-29,159943,1.415,1.436,1.436,1.412,3209,456313.0,1.69,1.2,0.017,0.2
2021-11-01,159943,1.436,1.437,1.445,1.429,949,136331.0,1.11,0.07,0.001,0.06
2021-11-02,159943,1.437,1.425,1.442,1.417,1231,175906.0,1.74,-0.84,-0.012,0.07
2021-11-03,159943,1.425,1.432,1.438,1.42,1567,223635.0,1.26,0.49,0.007,0.1
2021-11-04,159943,1.428,1.443,1.444,1.428,1772,255231.0,1.12,0.77,0.011,0.11
2021-11-05,159943,1.377,1.439,1.45,1.377,1758,253457.0,5.06,-0.28,-0.004,0.11
2021-11-08,159943,1.438,1.443,1.444,1.432,2177,313861.0,0.83,0.28,0.004,0.13
2021-11-09,159943,1.443,1.446,1.447,1.439,5598,808674.0,0.55,0.21,0.003,0.34
2021-11-10,159943,1.446,1.443,1.446,1.421,1957,281069.0,1.73,-0.21,-0.003,0.12
2021-11-11,159943,1.443,1.457,1.457,1.443,4155,603695.0,0.97,0.97,0.014,0.25
2021-11-12,159943,1.458,1.46,1.461,1.45,2310,336347.0,0.75,0.21,0.003,0.14
2021-11-15,159943,1.46,1.455,1.462,1.446,4435,645650.0,1.1,-0.34,-0.005,0.27
2021-11-16,159943,1.452,1.455,1.463,1.451,6466,941481.0,0.82,0.0,0.0,0.39
2021-11-17,159943,1.455,1.463,1.463,1.45,5393,787892.0,0.89,0.55,0.008,0.33
2021-11-18,159943,1.463,1.452,1.463,1.448,2311,335573.0,1.03,-0.75,-0.011,0.14
2021-11-19,159943,1.45,1.466,1.466,1.446,9924,1447230.0,1.38,0.96,0.014,0.6
2021-11-22,159943,1.467,1.482,1.486,1.466,11234,1662834.0,1.36,1.09,0.016,0.68
2021-11-23,159943,1.484,1.478,1.485,1.474,5329,788623.0,0.74,-0.27,-0.004,0.32
2021-11-24,159943,1.481,1.477,1.486,1.474,3619,535876.0,0.81,-0.07,-0.001,0.22
2021-11-25,159943,1.477,1.474,1.477,1.47,2606,384374.0,0.47,-0.2,-0.003,0.16
2021-11-26,159943,1.47,1.47,1.476,1.463,1899,278953.0,0.88,-0.27,-0.004,0.12
2021-11-29,159943,1.47,1.472,1.474,1.42,3538,519163.0,3.67,0.14,0.002,0.22
2021-11-30,159943,1.479,1.467,1.479,1.46,1130,166150.0,1.29,-0.34,-0.005,0.07
2021-12-01,159943,1.467,1.464,1.468,1.461,3247,475433.0,0.48,-0.2,-0.003,0.2
2021-12-02,159943,1.469,1.469,1.475,1.45,4994,730480.0,1.71,0.34,0.005,0.3
2021-12-03,159943,1.469,1.475,1.475,1.461,5023,738522.0,0.95,0.41,0.006,0.31
2021-12-06,159943,1.475,1.467,1.478,1.463,2367,348952.0,1.02,-0.54,-0.008,0.14
2021-12-07,159943,1.463,1.457,1.469,1.448,3285,478857.0,1.43,-0.68,-0.01,0.2
2021-12-08,159943,1.457,1.487,1.487,1.447,12145,1794848.0,2.75,2.06,0.03,0.74
2021-12-09,159943,1.487,1.5,1.5,1.482,9779,1464196.0,1.21,0.87,0.013,0.6
2021-12-10,159943,1.497,1.501,1.502,1.48,3452,515818.0,1.47,0.07,0.001,0.21
2021-12-13,159943,1.51,1.513,1.515,1.502,8066,1218387.0,0.87,0.8,0.012,0.49
2021-12-14,159943,1.512,1.506,1.512,1.502,3850,579085.0,0.66,-0.46,-0.007,0.23
2021-12-15,159943,1.497,1.496,1.508,1.491,2770,415323.0,1.13,-0.66,-0.01,0.17
2021-12-16,159943,1.5,1.5,1.5,1.485,4667,698695.0,1.0,0.27,0.004,0.28
2021-12-17,159943,1.501,1.484,1.501,1.484,5900,879258.0,1.13,-1.07,-0.016,0.36
2021-12-20,159943,1.478,1.456,1.48,1.455,5444,796414.0,1.68,-1.89,-0.028,0.33
2021-12-21,159943,1.465,1.463,1.467,1.451,3706,540847.0,1.1,0.48,0.007,0.23
2021-12-22,159943,1.467,1.472,1.475,1.467,3137,461602.0,0.55,0.62,0.009,0.19
2021-12-23,159943,1.47,1.478,1.479,1.47,2309,340431.0,0.61,0.41,0.006,0.14
2021-12-24,159943,1.478,1.465,1.478,1.458,1430,209854.0,1.35,-0.88,-0.013,0.09
2021-12-27,159943,1.458,1.466,1.475,1.458,1799,263392.0,1.16,0.07,0.001,0.11
2021-12-28,159943,1.46,1.473,1.474,1.46,1432,210454.0,0.95,0.48,0.007,0.09
2021-12-29,159943,1.475,1.464,1.475,1.46,2355,344145.0,1.02,-0.61,-0.009,0.14
2021-12-30,159943,1.463,1.472,1.478,1.463,2354,346139.0,1.02,0.55,0.008,0.14
2021-12-31,159943,1.474,1.478,1.479,1.47,3640,537771.0,0.61,0.41,0.006,0.22
2022-01-04,159943,1.478,1.474,1.486,1.46,1289,189736.0,1.76,-0.27,-0.004,0.08
2022-01-05,159943,1.474,1.448,1.474,1.441,4222,612117.0,2.24,-1.76,-0.026,0.26
2022-01-06,159943,1.44,1.442,1.445,1.421,5270,754043.0,1.66,-0.41,-0.006,0.32
2022-01-07,159943,1.44,1.434,1.448,1.434,1491,214478.0,0.97,-0.55,-0.008,0.09
2022-01-10,159943,1.435,1.437,1.44,1.422,1367,196062.0,1.26,0.21,0.003,0.08
2022-01-11,159943,1.437,1.421,1.442,1.42,3881,552037.0,1.53,-1.11,-0.016,0.24
2022-01-12,159943,1.427,1.437,1.437,1.426,1821,260615.0,0.77,1.13,0.016,0.11
2022-01-13,159943,1.437,1.413,1.437,1.413,4430,629387.0,1.67,-1.67,-0.024,0.27
2022-01-14,159943,1.415,1.415,1.42,1.405,1648,233218.0,1.06,0.14,0.002,0.1
2022-01-17,159943,1.415,1.428,1.432,1.41,1510,214871.0,1.55,0.92,0.013,0.09
2022-01-18,159943,1.432,1.429,1.438,1.426,2018,288516.0,0.84,0.07,0.001,0.12
2022-01-19,159943,1.429,1.42,1.43,1.411,1051,149079.0,1.33,-0.63,-0.009,0.06
2022-01-20,159943,1.415,1.42,1.43,1.411,8113,1150780.0,1.34,0.0,0.0,0.49
2022-01-21,159943,1.403,1.403,1.414,1.398,4583,643766.0,1.13,-1.2,-0.017,0.28
2022-01-24,159943,1.403,1.408,1.411,1.387,5174,727712.0,1.71,0.36,0.005,0.32
2022-01-25,159943,1.407,1.37,1.41,1.329,7402,1026028.0,5.75,-2.7,-0.038,0.45
2022-01-26,159943,1.365,1.374,1.389,1.356,3319,457183.0,2.41,0.29,0.004,0.2
2022-01-27,159943,1.374,1.34,1.374,1.34,4796,652860.0,2.47,-2.47,-0.034,0.29
2022-01-28,159943,1.34,1.347,1.373,1.321,4457,598723.0,3.88,0.52,0.007,0.27
2022-02-07,159943,1.348,1.355,1.375,1.347,3712,501768.0,2.08,0.59,0.008,0.23
2022-02-08,159943,1.355,1.341,1.355,1.31,4394,583798.0,3.32,-1.03,-0.014,0.27
2022-02-09,159943,1.332,1.353,1.359,1.324,3878,520600.0,2.61,0.89,0.012,0.24
2022-02-10,159943,1.353,1.355,1.36,1.336,5420,729627.0,1.77,0.15,0.002,0.33
2022-02-11,159943,1.355,1.339,1.355,1.335,2452,329087.0,1.48,-1.18,-0.016,0.15
2022-02-14,159943,1.339,1.33,1.359,1.307,2047,270145.0,3.88,-0.67,-0.009,0.12
2022-02-15,159943,1.318,1.337,1.339,1.318,4604,613743.0,1.58,0.53,0.007,0.28
2022-02-16,159943,1.344,1.344,1.35,1.332,3360,450972.0,1.35,0.52,0.007,0.2
2022-02-17,159943,1.344,1.344,1.349,1.331,2547,342496.0,1.34,0.0,0.0,0.16
2022-02-18,159943,1.343,1.346,1.348,1.336,1213,162919.0,0.89,0.15,0.002,0.07
2022-02-21,159943,1.346,1.346,1.346,1.336,2566,344790.0,0.74,0.0,0.0,0.16
2022-02-22,159943,1.34,1.33,1.344,1.324,5114,679299.0,1.49,-1.19,-0.016,0.31
2022-02-23,159943,1.33,1.35,1.35,1.33,6357,854311.0,1.5,1.5,0.02,0.39
2022-02-24,159943,1.352,1.33,1.352,1.314,3795,503405.0,2.81,-1.48,-0.02,0.23
2022-02-25,159943,1.33,1.334,1.349,1.33,3840,514149.0,1.43,0.3,0.004,0.23
2022-02-28,159943,1.342,1.339,1.342,1.322,1699,226357.0,1.5,0.37,0.005,0.1
2022-03-01,159943,1.34,1.345,1.347,1.332,2312,309906.0,1.12,0.45,0.006,0.14
2022-03-02,159943,1.345,1.332,1.345,1.326,3071,408713.0,1.41,-0.97,-0.013,0.19
2022-03-03,159943,1.332,1.321,1.338,1.32,3548,470544.0,1.35,-0.83,-0.011,0.22
2022-03-04,159943,1.315,1.306,1.325,1.304,4465,584339.0,1.59,-1.14,-0.015,0.27
2022-03-07,159943,1.305,1.272,1.306,1.26,9575,1226682.0,3.52,-2.6,-0.034,0.58
2022-03-08,159943,1.276,1.241,1.295,1.235,15896,2005697.0,4.72,-2.44,-0.031,0.97
2022-03-09,159943,1.241,1.214,1.268,1.161,24061,2900218.0,8.62,-2.18,-0.027,1.47
2022-03-10,159943,1.221,1.234,1.249,1.221,16890,2090330.0,2.31,1.65,0.02,1.03
2022-03-11,159943,1.232,1.236,1.244,1.209,7527,918731.0,2.84,0.16,0.002,0.46
2022-03-14,159943,1.245,1.21,1.245,1.21,6044,741094.0,2.83,-2.1,-0.026,0.37
2022-03-15,159943,1.209,1.161,1.209,1.161,16204,1911083.0,3.97,-4.05,-0.049,0.99
2022-03-16,159943,1.18,1.187,1.199,1.141,15101,1767825.0,5.0,2.24,0.026,0.92
2022-03-17,159943,1.197,1.229,1.236,1.197,17185,2100571.0,3.29,3.54,0.042,1.05
2022-03-18,159943,1.224,1.233,1.233,1.214,11156,1363235.0,1.55,0.33,0.004,0.68
2022-03-21,159943,1.231,1.25,1.255,1.231,20668,2573912.0,1.95,1.38,0.017,1.26
2022-03-22,159943,1.24,1.235,1.247,1.235,5580,692042.0,0.96,-1.2,-0.015,0.34
2022-03-23,159943,1.236,1.245,1.25,1.236,4976,618488.0,1.13,0.81,0.01,0.3
2022-03-24,159943,1.235,1.234,1.244,1.226,1902,234634.0,1.45,-0.88,-0.011,0.12
2022-03-25,159943,1.245,1.217,1.245,1.215,2235,274066.0,2.43,-1.38,-0.017,0.14
2022-03-28,159943,1.231,1.204,1.231,1.192,4860,583684.0,3.2,-1.07,-0.013,0.3
2022-03-29,159943,1.204,1.197,1.213,1.195,4715,567115.0,1.5,-0.58,-0.007,0.29
2022-03-30,159943,1.197,1.234,1.234,1.197,10871,1326930.0,3.09,3.09,0.037,0.66
2022-03-31,159943,1.232,1.222,1.232,1.219,5353,654728.0,1.05,-0.97,-0.012,0.33
2022-04-01,159943,1.222,1.232,1.235,1.212,5920,723196.0,1.88,0.82,0.01,0.36
2022-04-06,159943,1.236,1.224,1.239,1.21,3755,459445.0,2.35,-0.65,-0.008,0.23
2022-04-07,159943,1.21,1.207,1.223,1.206,2675,323503.0,1.39,-1.39,-0.017,0.16
2022-04-08,159943,1.208,1.205,1.21,1.19,7185,861784.0,1.66,-0.17,-0.002,0.44
2022-04-11,159943,1.205,1.168,1.205,1.162,10420,1221803.0,3.57,-3.07,-0.037,0.63
2022-04-12,159943,1.177,1.182,1.182,1.151,8634,1011951.0,2.65,1.2,0.014,0.53
2022-04-13,159943,1.184,1.165,1.184,1.165,3494,410016.0,1.61,-1.44,-0.017,0.21
2022-04-14,159943,1.175,1.179,1.186,1.166,3741,439692.0,1.72,1.2,0.014,0.23
2022-04-15,159943,1.179,1.17,1.179,1.163,2817,329092.0,1.36,-0.76,-0.009,0.17
2022-04-18,159943,1.169,1.176,1.176,1.154,5860,683670.0,1.88,0.51,0.006,0.36
2022-04-19,159943,1.176,1.169,1.183,1.166,4888,573018.0,1.45,-0.6,-0.007,0.3
2022-04-20,159943,1.17,1.147,1.171,1.143,7606,878470.0,2.4,-1.88,-0.022,0.46
2022-04-21,159943,1.147,1.112,1.148,1.112,13467,1520852.0,3.14,-3.05,-0.035,0.82
2022-04-22,159943,1.112,1.115,1.123,1.1,13939,1551547.0,2.07,0.27,0.003,0.85
2022-04-25,159943,1.11,1.076,1.11,1.06,19684,2121970.0,4.48,-3.5,-0.039,1.2
2022-04-26,159943,1.076,1.045,1.076,1.044,14057,1481284.0,2.97,-2.88,-0.031,0.86
2022-04-27,159943,1.05,1.077,1.078,1.03,20719,2187992.0,4.59,3.06,0.032,1.26
2022-04-28,159943,1.077,1.069,1.084,1.058,8254,885137.0,2.41,-0.74,-0.008,0.5
2022-04-29,159943,1.072,1.107,1.108,1.072,14162,1550278.0,3.37,3.55,0.038,0.86
2022-05-05,159943,1.106,1.107,1.119,1.079,7251,801098.0,3.61,0.0,0.0,0.44
2022-05-06,159943,1.09,1.088,1.104,1.081,6781,737145.0,2.08,-1.72,-0.019,0.41
2022-05-09,159943,1.08,1.082,1.091,1.078,4049,438932.0,1.19,-0.55,-0.006,0.25
2022-05-10,159943,1.078,1.094,1.098,1.062,8452,922229.0,3.33,1.11,0.012,0.51
2022-05-11,159943,1.094,1.114,1.132,1.094,11806,1323815.0,3.47,1.83,0.02,0.72
2022-05-12,159943,1.114,1.11,1.119,1.102,4385,487475.0,1.53,-0.36,-0.004,0.27
2022-05-13,159943,1.11,1.12,1.124,1.108,9933,1109624.0,1.44,0.9,0.01,0.6
2022-05-16,159943,1.128,1.111,1.132,1.108,10151,1139446.0,2.14,-0.8,-0.009,0.62
2022-05-17,159943,1.112,1.128,1.128,1.11,4048,452812.0,1.62,1.53,0.017,0.25
2022-05-18,159943,1.128,1.127,1.131,1.119,4804,539712.0,1.06,-0.09,-0.001,0.29
2022-05-19,159943,1.112,1.126,1.127,1.107,3974,443242.0,1.77,-0.09,-0.001,0.24
2022-05-20,159943,1.108,1.147,1.15,1.108,17120,1956835.0,3.73,1.87,0.021,1.04
2022-05-23,159943,1.147,1.148,1.151,1.139,10897,1248503.0,1.05,0.09,0.001,0.66
2022-05-24,159943,1.151,1.115,1.151,1.114,9413,1066793.0,3.22,-2.87,-0.033,0.57
2022-05-25,159943,1.114,1.123,1.123,1.109,9388,1046419.0,1.26,0.72,0.008,0.57
2022-05-26,159943,1.124,1.127,1.133,1.108,5454,613497.0,2.23,0.36,0.004,0.33
2022-05-27,159943,1.128,1.127,1.145,1.123,11793,1343714.0,1.95,0.0,0.0,0.72
2022-05-30,159943,1.127,1.138,1.146,1.127,4289,487655.0,1.69,0.98,0.011,0.26
2022-05-31,159943,1.138,1.156,1.158,1.133,6900,791750.0,2.2,1.58,0.018,0.42
2022-06-01,159943,1.158,1.16,1.165,1.153,4615,535203.0,1.04,0.35,0.004,0.28
2022-06-02,159943,1.16,1.168,1.168,1.155,3212,373701.0,1.12,0.69,0.008,0.2
2022-06-06,159943,1.17,1.198,1.198,1.168,4818,573708.0,2.57,2.57,0.03,0.29
2022-06-07,159943,1.198,1.194,1.204,1.189,2383,285079.0,1.25,-0.33,-0.004,0.15
2022-06-08,159943,1.195,1.206,1.209,1.187,13637,1641039.0,1.84,1.01,0.012,0.83
2022-06-09,159943,1.202,1.187,1.206,1.181,6214,739340.0,2.07,-1.58,-0.019,0.38
2022-06-10,159943,1.186,1.205,1.21,1.18,3562,426147.0,2.53,1.52,0.018,0.22
2022-06-13,159943,1.205,1.202,1.211,1.193,7353,886869.0,1.49,-0.25,-0.003,0.45
2022-06-14,159943,1.191,1.208,1.208,1.17,17567,2088237.0,3.16,0.5,0.006,1.07
2022-06-15,159943,1.211,1.23,1.252,1.211,17950,2214909.0,3.39,1.82,0.022,1.09
2022-06-16,159943,1.23,1.227,1.243,1.204,2275,281055.0,3.17,-0.24,-0.003,0.14
2022-06-17,159943,1.227,1.245,1.246,1.219,6698,825208.0,2.2,1.47,0.018,0.41
2022-06-20,159943,1.245,1.265,1.27,1.245,6489,819040.0,2.01,1.61,0.02,0.4
2022-06-21,159943,1.265,1.256,1.266,1.245,7610,953680.0,1.66,-0.71,-0.009,0.46
2022-06-22,159943,1.256,1.241,1.259,1.24,3994,498047.0,1.51,-1.19,-0.015,0.24
2022-06-23,159943,1.24,1.267,1.267,1.235,4866,608769.0,2.58,2.1,0.026,0.3
2022-06-24,159943,1.27,1.281,1.281,1.263,6787,863985.0,1.42,1.1,0.014,0.41
2022-06-27,159943,1.274,1.293,1.301,1.274,3797,491063.0,2.11,0.94,0.012,0.23
2022-06-28,159943,1.293,1.311,1.311,1.283,6620,857110.0,2.17,1.39,0.018,0.4
2022-06-29,159943,1.311,1.28,1.312,1.279,9122,1182221.0,2.52,-2.36,-0.031,0.56
2022-06-30,159943,1.28,1.302,1.306,1.28,4921,638969.0,2.03,1.72,0.022,0.3
2022-07-01,159943,1.303,1.301,1.307,1.292,8568,1113005.0,1.15,-0.08,-0.001,0.52
2022-07-04,159943,1.301,1.314,1.316,1.294,5189,677995.0,1.69,1.0,0.013,0.32
2022-07-05,159943,1.314,1.312,1.321,1.295,4404,575248.0,1.98,-0.15,-0.002,0.27
2022-07-06,159943,1.295,1.297,1.322,1.286,6782,880703.0,2.74,-1.14,-0.015,0.41
2022-07-07,159943,1.3,1.309,1.31,1.291,4323,563120.0,1.46,0.93,0.012,0.26
2022-07-08,159943,1.314,1.3,1.314,1.298,5830,760792.0,1.22,-0.69,-0.009,0.35
2022-07-11,159943,1.29,1.278,1.291,1.268,10127,1292653.0,1.77,-1.69,-0.022,0.62
2022-07-12,159943,1.278,1.261,1.281,1.255,13778,1742372.844,2.03,-1.33,-0.017,0.84
2022-07-13,159943,1.261,1.266,1.273,1.248,6314,795215.705,1.98,0.4,0.005,0.38
2022-07-14,159943,1.256,1.278,1.284,1.256,11507,1470840.5,2.21,0.95,0.012,0.7
2022-07-15,159943,1.278,1.258,1.288,1.257,12037,1528287.386,2.43,-1.56,-0.02,0.73
2022-07-18,159943,1.258,1.27,1.273,1.248,5892,744179.563,1.99,0.95,0.012,0.36
2022-07-19,159943,1.27,1.264,1.274,1.257,4862,615286.68,1.34,-0.47,-0.006,0.3
2022-07-20,159943,1.264,1.274,1.277,1.264,8149,1037153.296,1.03,0.79,0.01,0.5
2022-07-21,159943,1.274,1.265,1.276,1.262,5734,727565.274,1.1,-0.71,-0.009,0.35
2022-07-22,159943,1.272,1.254,1.272,1.246,7447,934221.599,2.06,-0.87,-0.011,0.45
2022-07-25,159943,1.254,1.246,1.256,1.241,6201,773622.028,1.2,-0.64,-0.008,0.38
2022-07-26,159943,1.25,1.256,1.26,1.24,4783,599710.057,1.61,0.8,0.01,0.29
2022-07-27,159943,1.248,1.251,1.257,1.247,4902,613609.677,0.8,-0.4,-0.005,0.3
2022-07-28,159943,1.264,1.26,1.27,1.254,11576,1462080.6,1.28,0.72,0.009,0.7
2022-07-29,159943,1.255,1.244,1.26,1.238,10976,1369663.2,1.75,-1.27,-0.016,0.67
2022-08-01,159943,1.244,1.255,1.256,1.232,5648,705808.004,1.93,0.88,0.011,0.34
2022-08-02,159943,1.25,1.229,1.25,1.218,13393,1643422.4,2.55,-2.07,-0.026,0.82
2022-08-03,159943,1.229,1.216,1.246,1.212,6427,789447.8,2.77,-1.06,-0.013,0.39
2022-08-04,159943,1.251,1.224,1.251,1.209,9882,1206331.083,3.45,0.66,0.008,0.6
2022-08-05,159943,1.224,1.245,1.245,1.224,5272,650376.788,1.72,1.72,0.021,0.32
2022-08-08,159943,1.245,1.249,1.249,1.24,2732,340240.728,0.72,0.32,0.004,0.17
2022-08-09,159943,1.249,1.247,1.251,1.24,2802,349377.2,0.88,-0.16,-0.002,0.17
2022-08-10,159943,1.25,1.238,1.252,1.235,3712,461142.616,1.36,-0.72,-0.009,0.23
2022-08-11,159943,1.238,1.265,1.267,1.238,8052,1010687.0,2.34,2.18,0.027,0.49
2022-08-12,159943,1.265,1.264,1.268,1.258,6026,760466.83,0.79,-0.08,-0.001,0.37
2022-08-15,159943,1.264,1.266,1.274,1.262,8384,1061684.88,0.95,0.16,0.002,0.51
2022-08-16,159943,1.267,1.263,1.274,1.262,6802,860814.983,0.95,-0.24,-0.003,0.41
2022-08-17,159943,1.263,1.279,1.279,1.258,4724,600101.0,1.66,1.27,0.016,0.29
2022-08-18,159943,1.281,1.275,1.281,1.271,11989,1526075.9,0.78,-0.31,-0.004,0.73
2022-08-19,159943,1.275,1.263,1.275,1.255,11761,1488461.1,1.57,-0.94,-0.012,0.72
2022-08-22,159943,1.262,1.273,1.275,1.25,10368,1311838.838,1.98,0.79,0.01,0.63
2022-08-23,159943,1.275,1.27,1.275,1.265,5847,740813.888,0.79,-0.24,-0.003,0.36
2022-08-24,159943,1.263,1.233,1.266,1.231,8721,1084840.504,2.76,-2.91,-0.037,0.53
2022-08-25,159943,1.233,1.23,1.238,1.215,17562,2156780.06,1.87,-0.24,-0.003,1.07
2022-08-26,159943,1.238,1.225,1.238,1.222,15246,1874525.792,1.3,-0.41,-0.005,0.93
2022-08-29,159943,1.226,1.221,1.226,1.21,7740,941975.927,1.31,-0.33,-0.004,0.47
2022-08-30,159943,1.221,1.217,1.222,1.211,3246,394986.1,0.9,-0.33,-0.004,0.2
2022-08-31,159943,1.215,1.2,1.215,1.196,9927,1195357.25,1.56,-1.4,-0.017,0.6
2022-09-01,159943,1.198,1.195,1.211,1.191,5526,662873.1,1.67,-0.42,-0.005,0.34
2022-09-02,159943,1.197,1.195,1.199,1.19,15009,1792473.4,0.75,0.0,0.0,0.91
2022-09-05,159943,1.194,1.195,1.195,1.187,19883,2366552.41,0.67,0.0,0.0,1.21
2022-09-06,159943,1.203,1.207,1.207,1.188,12946,1549237.995,1.59,1.0,0.012,0.79
2022-09-07,159943,1.206,1.206,1.212,1.2,13042,1570894.42,0.99,-0.08,-0.001,0.79
2022-09-08,159943,1.207,1.194,1.207,1.192,9355,1122018.178,1.24,-1.0,-0.012,0.57
2022-09-09,159943,1.206,1.206,1.207,1.196,9744,1170004.436,0.92,1.01,0.012,0.59
2022-09-13,159943,1.206,1.21,1.215,1.206,6112,740573.18,0.75,0.33,0.004,0.37
2022-09-14,159943,1.21,1.195,1.21,1.191,11153,1336247.144,1.57,-1.24,-0.015,0.68
2022-09-15,159943,1.2,1.174,1.201,1.165,12944,1527255.1,3.01,-1.76,-0.021,0.79
2022-09-16,159943,1.16,1.152,1.173,1.152,15190,1766201.9,1.79,-1.87,-0.022,0.92
2022-09-19,159943,1.152,1.148,1.156,1.142,12175,1398104.4,1.22,-0.35,-0.004,0.74
2022-09-20,159943,1.153,1.156,1.161,1.148,13213,1525254.2,1.13,0.7,0.008,0.8
2022-09-21,159943,1.148,1.15,1.156,1.14,18336,2100888.636,1.38,-0.52,-0.006,1.12
2022-09-22,159943,1.149,1.14,1.151,1.135,10869,1240232.6,1.39,-0.87,-0.01,0.66
2022-09-23,159943,1.138,1.126,1.141,1.114,14942,1692830.2,2.37,-1.23,-0.014,0.91
2022-09-26,159943,1.122,1.122,1.135,1.118,7565,852298.9,1.51,-0.36,-0.004,0.46
2022-09-27,159943,1.124,1.138,1.139,1.121,10274,1160255.87,1.6,1.43,0.016,0.63
2022-09-28,159943,1.138,1.113,1.138,1.113,9876,1107305.4,2.2,-2.2,-0.025,0.6
2022-09-29,159943,1.135,1.118,1.135,1.11,21153,2365021.8,2.25,0.45,0.005,1.29
2022-09-30,159943,1.134,1.104,1.134,1.104,17835,1980864.3,2.68,-1.25,-0.014,1.09
2022-10-10,159943,1.104,1.079,1.11,1.077,21522,2341752.8,2.99,-2.26,-0.025,1.31
2022-10-11,159943,1.07,1.084,1.09,1.07,15787,1707713.426,1.85,0.46,0.005,0.96
2022-10-12,159943,1.086,1.116,1.116,1.069,18672,2035651.375,4.34,2.95,0.032,1.14
2022-10-13,159943,1.12,1.117,1.12,1.103,15082,1676905.316,1.52,0.09,0.001,0.92
2022-10-14,159943,1.113,1.137,1.14,1.113,20677,2341207.2,2.42,1.79,0.02,1.26
2022-10-17,159943,1.129,1.143,1.143,1.129,22118,2514795.762,1.23,0.53,0.006,1.35
2022-10-18,159943,1.148,1.143,1.151,1.137,12411,1421597.716,1.22,0.0,0.0,0.76
2022-10-19,159943,1.14,1.128,1.143,1.128,17022,1931432.1,1.31,-1.31,-0.015,1.04
2022-10-20,159943,1.118,1.125,1.138,1.109,13157,1475725.8,2.57,-0.27,-0.003,0.8
2022-10-21,159943,1.125,1.116,1.126,1.113,16691,1867545.8,1.16,-0.8,-0.009,1.02
2022-10-24,159943,1.116,1.092,1.128,1.089,17948,1984335.9,3.49,-2.15,-0.024,1.09
2022-10-25,159943,1.092,1.088,1.1,1.077,15925,1733455.8,2.11,-0.37,-0.004,0.97
2022-10-26,159943,1.088,1.107,1.117,1.088,20923,2309606.874,2.67,1.75,0.019,1.27
2022-10-27,159943,1.108,1.102,1.114,1.102,18657,2063873.957,1.08,-0.45,-0.005,1.14
2022-10-28,159943,1.102,1.07,1.102,1.063,30757,3316489.3,3.54,-2.9,-0.032,1.87
2022-10-31,159943,1.068,1.064,1.081,1.057,44505,4745845.575,2.24,-0.56,-0.006,2.71
2022-11-01,159943,1.08,1.107,1.11,1.067,48055,5225422.607,4.04,4.04,0.043,2.93
2022-11-02,159943,1.103,1.118,1.123,1.097,23132,2568301.432,2.35,0.99,0.011,1.41
2022-11-03,159943,1.118,1.111,1.118,1.102,21260,2360293.993,1.43,-0.63,-0.007,1.29
2022-11-04,159943,1.121,1.142,1.144,1.116,49792,5658742.52,2.52,2.79,0.031,3.03
2022-11-07,159943,1.14,1.14,1.146,1.13,25823,2944418.561,1.4,-0.18,-0.002,1.57
2022-11-08,159943,1.135,1.134,1.142,1.127,17508,1984706.4,1.32,-0.53,-0.006,1.07
2022-11-09,159943,1.134,1.13,1.144,1.129,33479,3800490.1,1.32,-0.35,-0.004,2.04
2022-11-10,159943,1.13,1.121,1.13,1.114,25656,2870273.942,1.42,-0.8,-0.009,1.56
2022-11-11,159943,1.15,1.143,1.18,1.135,30245,3464471.7,4.01,1.96,0.022,1.84
2022-11-14,159943,1.146,1.134,1.151,1.131,15329,1745365.5,1.75,-0.79,-0.009,0.93
2022-11-15,159943,1.134,1.161,1.161,1.131,47782,5493986.527,2.65,2.38,0.027,2.91
2022-11-16,159943,1.161,1.149,1.163,1.147,25245,2911883.598,1.38,-1.03,-0.012,1.54
2022-11-17,159943,1.149,1.145,1.149,1.131,36150,4115797.0,1.57,-0.35,-0.004,2.2
2022-11-18,159943,1.144,1.143,1.155,1.142,20669,2373490.793,1.14,-0.17,-0.002,1.26
2022-11-21,159943,1.128,1.141,1.143,1.127,15193,1719223.664,1.4,-0.17,-0.002,0.93
2022-11-22,159943,1.139,1.127,1.141,1.122,18628,2100229.1,1.67,-1.23,-0.014,1.13
2022-11-23,159943,1.125,1.124,1.128,1.112,17522,1961027.8,1.42,-0.27,-0.003,1.07
2022-11-24,159943,1.127,1.123,1.131,1.12,20309,2286563.7,0.98,-0.09,-0.001,1.24
2022-11-25,159943,1.123,1.114,1.123,1.113,26874,3002695.1,0.89,-0.8,-0.009,1.64
2022-11-28,159943,1.095,1.109,1.109,1.091,33602,3685921.183,1.62,-0.45,-0.005,2.05
2022-11-29,159943,1.113,1.132,1.133,1.111,53607,6027581.828,1.98,2.07,0.023,3.26
2022-11-30,159943,1.133,1.131,1.136,1.126,41235,4665744.2,0.88,-0.09,-0.001,2.51
2022-12-01,159943,1.135,1.152,1.158,1.135,52916,6107663.1,2.03,1.86,0.021,3.22
2022-12-02,159943,1.148,1.148,1.155,1.145,17347,1992970.457,0.87,-0.35,-0.004,1.06
2022-12-05,159943,1.15,1.156,1.156,1.147,30745,3541781.948,0.78,0.7,0.008,1.87
2022-12-06,159943,1.153,1.163,1.17,1.148,35625,4148610.106,1.9,0.61,0.007,2.17
2022-12-07,159943,1.163,1.166,1.175,1.16,13408,1565746.928,1.29,0.26,0.003,0.82
2022-12-08,159943,1.171,1.163,1.174,1.159,13890,1613383.0,1.29,-0.26,-0.003,0.85
2022-12-09,159943,1.163,1.175,1.176,1.16,27012,3157239.292,1.38,1.03,0.012,1.64
2022-12-12,159943,1.17,1.162,1.17,1.162,24951,2907811.252,0.68,-1.11,-0.013,1.52
2022-12-13,159943,1.162,1.152,1.162,1.152,9085,1050910.372,0.86,-0.86,-0.01,0.55
2022-12-14,159943,1.152,1.154,1.16,1.152,9413,1088480.9,0.69,0.17,0.002,0.57
2022-12-15,159943,1.155,1.16,1.162,1.15,5214,602629.862,1.04,0.52,0.006,0.32
2022-12-16,159943,1.149,1.148,1.154,1.145,24663,2832234.55,0.78,-1.03,-0.012,1.5
2022-12-19,159943,1.148,1.131,1.155,1.129,29752,3384972.9,2.26,-1.48,-0.017,1.81
2022-12-20,159943,1.13,1.117,1.13,1.114,15788,1773243.947,1.41,-1.24,-0.014,0.96
2022-12-21,159943,1.119,1.114,1.124,1.11,11839,1319081.1,1.25,-0.27,-0.003,0.72
2022-12-22,159943,1.12,1.112,1.126,1.108,27206,3037751.772,1.62,-0.18,-0.002,1.66
2022-12-23,159943,1.108,1.111,1.116,1.105,10846,1203786.4,0.99,-0.09,-0.001,0.66
2022-12-26,159943,1.113,1.121,1.123,1.111,20262,2268373.5,1.08,0.9,0.01,1.23
2022-12-27,159943,1.122,1.134,1.135,1.122,24725,2793990.668,1.16,1.16,0.013,1.51
2022-12-28,159943,1.13,1.125,1.13,1.121,9236,1039739.9,0.79,-0.79,-0.009,0.56
2022-12-29,159943,1.124,1.124,1.129,1.119,15543,1746366.0,0.89,-0.09,-0.001,0.95
2022-12-30,159943,1.13,1.127,1.132,1.125,14986,1692957.6,0.62,0.27,0.003,0.91
2023-01-03,159943,1.126,1.138,1.139,1.116,14026,1585760.356,2.04,0.98,0.011,0.85
2023-01-04,159943,1.134,1.133,1.14,1.128,15393,1746032.8,1.05,-0.44,-0.005,0.94
2023-01-05,159943,1.138,1.156,1.158,1.138,23058,2650916.054,1.77,2.03,0.023,1.4
2023-01-06,159943,1.156,1.16,1.167,1.151,19110,2215407.256,1.38,0.35,0.004,1.16
2023-01-09,159943,1.16,1.167,1.172,1.16,28640,3342034.352,1.03,0.6,0.007,1.74
2023-01-10,159943,1.169,1.172,1.174,1.162,27863,3259462.5,1.03,0.43,0.005,1.7
2023-01-11,159943,1.172,1.167,1.179,1.165,35994,4227388.232,1.19,-0.43,-0.005,2.19
2023-01-12,159943,1.162,1.171,1.177,1.156,10830,1267348.542,1.8,0.34,0.004,0.66
2023-01-13,159943,1.18,1.184,1.184,1.172,11805,1388300.2,1.02,1.11,0.013,0.72
2023-01-16,159943,1.184,1.204,1.214,1.184,27670,3331090.456,2.53,1.69,0.02,1.68
2023-01-17,159943,1.198,1.201,1.208,1.198,10399,1251432.758,0.83,-0.25,-0.003,0.63
2023-01-18,159943,1.202,1.204,1.209,1.202,6672,803743.0,0.58,0.25,0.003,0.41
2023-01-19,159943,1.2,1.213,1.213,1.2,8049,971980.029,1.08,0.75,0.009,0.49
2023-01-20,159943,1.218,1.221,1.223,1.217,3606,440090.6,0.49,0.66,0.008,0.22
2023-01-30,159943,1.238,1.235,1.249,1.232,22679,2808734.2,1.39,1.15,0.014,1.38
2023-01-31,159943,1.23,1.222,1.234,1.219,6730,825446.351,1.21,-1.05,-0.013,0.41
2023-02-01,159943,1.222,1.24,1.241,1.222,11657,1437326.6,1.55,1.47,0.018,0.71
2023-02-02,159943,1.241,1.237,1.246,1.236,24153,2995674.1,0.81,-0.24,-0.003,1.47
2023-02-03,159943,1.236,1.228,1.236,1.212,21690,2643283.144,1.94,-0.73,-0.009,1.32
2023-02-06,159943,1.227,1.211,1.227,1.207,31182,3776363.3,1.63,-1.38,-0.017,1.9
2023-02-07,159943,1.211,1.215,1.218,1.209,13416,1628063.5,0.74,0.33,0.004,0.82
2023-02-08,159943,1.215,1.205,1.218,1.204,22062,2668623.508,1.15,-0.82,-0.01,1.34
2023-02-09,159943,1.205,1.229,1.229,1.201,16303,1984592.0,2.32,1.99,0.024,0.99
2023-02-10,159943,1.222,1.223,1.231,1.216,17587,2153040.3,1.22,-0.49,-0.006,1.07
2023-02-13,159943,1.223,1.237,1.238,1.216,21989,2707086.8,1.8,1.14,0.014,1.34
2023-02-14,159943,1.239,1.235,1.24,1.228,23412,2887069.6,0.97,-0.16,-0.002,1.43
2023-02-15,159943,1.237,1.23,1.237,1.227,10663,1313641.016,0.81,-0.4,-0.005,0.65
2023-02-16,159943,1.226,1.211,1.239,1.203,36650,4508448.256,2.93,-1.54,-0.019,2.23
2023-02-17,159943,1.212,1.193,1.217,1.193,23472,2832561.2,1.98,-1.49,-0.018,1.43
2023-02-20,159943,1.193,1.217,1.219,1.192,11266,1358668.976,2.26,2.01,0.024,0.69
2023-02-21,159943,1.213,1.22,1.225,1.211,21309,2595360.766,1.15,0.25,0.003,1.3
2023-02-22,159943,1.208,1.213,1.219,1.208,13930,1687146.6,0.9,-0.57,-0.007,0.85
2023-02-23,159943,1.214,1.212,1.22,1.206,9621,1166350.438,1.15,-0.08,-0.001,0.59
2023-02-24,159943,1.215,1.202,1.215,1.198,13708,1647927.7,1.4,-0.83,-0.01,0.83
2023-02-27,159943,1.2,1.193,1.201,1.192,14205,1701485.596,0.75,-0.75,-0.009,0.86
2023-02-28,159943,1.193,1.206,1.206,1.192,8646,1035976.992,1.17,1.09,0.013,0.53
2023-03-01,159943,1.207,1.217,1.217,1.2,15852,1921388.815,1.41,0.91,0.011,0.97
2023-03-02,159943,1.217,1.209,1.217,1.209,8029,974096.8,0.66,-0.66,-0.008,0.49
2023-03-03,159943,1.21,1.212,1.214,1.201,6251,756378.9,1.08,0.25,0.003,0.38
2023-03-06,159943,1.211,1.21,1.213,1.2,8482,1022394.2,1.07,-0.17,-0.002,0.52
2023-03-07,159943,1.205,1.188,1.209,1.187,16558,1979575.3,1.82,-1.82,-0.022,1.01
2023-03-08,159943,1.183,1.184,1.188,1.179,13267,1569085.055,0.76,-0.34,-0.004,0.81
2023-03-09,159943,1.185,1.183,1.189,1.178,10455,1237779.79,0.93,-0.08,-0.001,0.64
2023-03-10,159943,1.179,1.171,1.179,1.169,14087,1653339.9,0.85,-1.01,-0.012,0.86
2023-03-13,159943,1.169,1.173,1.176,1.166,18731,2194822.3,0.85,0.17,0.002,1.14
2023-03-14,159943,1.173,1.167,1.173,1.153,19823,2305064.188,1.71,-0.51,-0.006,1.21
2023-03-15,159943,1.166,1.168,1.179,1.165,11606,1360662.8,1.2,0.09,0.001,0.71
2023-03-16,159943,1.168,1.149,1.168,1.148,23043,2663682.873,1.71,-1.63,-0.019,1.4
2023-03-17,159943,1.15,1.161,1.165,1.15,47335,5490069.9,1.31,1.04,0.012,2.88
2023-03-20,159943,1.161,1.149,1.163,1.146,55709,6418794.1,1.46,-1.03,-0.012,3.39
2023-03-21,159943,1.15,1.166,1.167,1.15,48686,5632794.268,1.48,1.48,0.017,2.96
2023-03-22,159943,1.168,1.175,1.175,1.168,40002,4689820.82,0.6,0.77,0.009,2.44
2023-03-23,159943,1.173,1.184,1.184,1.169,33756,3978346.98,1.28,0.77,0.009,2.06
2023-03-24,159943,1.184,1.186,1.188,1.181,20677,2449883.312,0.59,0.17,0.002,1.26
2023-03-27,159943,1.184,1.188,1.189,1.178,18300,2167020.88,0.93,0.17,0.002,1.11
2023-03-28,159943,1.188,1.18,1.188,1.177,14052,1661142.0,0.93,-0.67,-0.008,0.86
2023-03-29,159943,1.181,1.181,1.186,1.175,29121,3439760.815,0.93,0.08,0.001,1.77
2023-03-30,159943,1.181,1.189,1.189,1.174,35041,4145310.158,1.27,0.68,0.008,2.13
2023-03-31,159943,1.189,1.199,1.199,1.188,28758,3432022.752,0.93,0.84,0.01,1.75
2023-04-03,159943,1.198,1.213,1.213,1.198,23968,2892015.329,1.25,1.17,0.014,1.46
2023-04-04,159943,1.217,1.208,1.217,1.201,17104,2063687.4,1.32,-0.41,-0.005,1.04
2023-04-06,159943,1.207,1.209,1.21,1.2,21389,2579442.71,0.83,0.08,0.001,1.3
2023-04-07,159943,1.21,1.22,1.222,1.208,17795,2167086.692,1.16,0.91,0.011,1.08
2023-04-10,159943,1.219,1.209,1.221,1.207,27586,3344844.6,1.15,-0.9,-0.011,1.68
2023-04-11,159943,1.209,1.211,1.214,1.203,18143,2190212.376,0.91,0.17,0.002,1.1
2023-04-12,159943,1.208,1.212,1.215,1.206,14728,1782640.089,0.74,0.08,0.001,0.9
2023-04-13,159943,1.211,1.197,1.211,1.195,16591,1990885.12,1.32,-1.24,-0.015,1.01
2023-04-14,159943,1.2,1.204,1.206,1.197,14229,1710437.452,0.75,0.58,0.007,0.87
2023-04-17,159943,1.204,1.211,1.211,1.203,10693,1290893.902,0.66,0.58,0.007,0.65
2023-04-18,159943,1.211,1.209,1.212,1.205,7908,956507.584,0.58,-0.17,-0.002,0.48
2023-04-19,159943,1.206,1.199,1.208,1.199,12885,1549994.1,0.74,-0.83,-0.01,0.78
2023-04-20,159943,1.198,1.194,1.199,1.19,27946,3334375.8,0.75,-0.42,-0.005,1.7
2023-04-21,159943,1.194,1.172,1.196,1.168,30911,3637029.992,2.35,-1.84,-0.022,1.88
2023-04-24,159943,1.168,1.164,1.169,1.15,27229,3154574.682,1.62,-0.68,-0.008,1.66
2023-04-25,159943,1.16,1.142,1.16,1.133,52745,6025474.7,2.32,-1.89,-0.022,3.21
2023-04-26,159943,1.141,1.144,1.15,1.135,46810,5353822.3,1.31,0.18,0.002,2.85
2023-04-27,159943,1.144,1.147,1.151,1.14,30347,3473366.5,0.96,0.26,0.003,1.85
2023-04-28,159943,1.148,1.157,1.158,1.148,23981,2765480.3,0.87,0.87,0.01,1.46
2023-05-04,159943,1.153,1.152,1.156,1.147,14420,1659231.3,0.78,-0.43,-0.005,0.88
2023-05-05,159943,1.153,1.144,1.153,1.137,17507,2001171.926,1.39,-0.69,-0.008,1.07
2023-05-08,159943,1.147,1.153,1.153,1.141,18122,2080004.3,1.05,0.79,0.009,1.1
2023-05-09,159943,1.152,1.141,1.153,1.139,41838,4789561.7,1.21,-1.04,-0.012,2.55
2023-05-10,159943,1.14,1.142,1.145,1.131,28589,3246682.523,1.23,0.09,0.001,1.74
2023-05-11,159943,1.141,1.142,1.147,1.141,28109,3216107.1,0.53,0.0,0.0,1.71
2023-05-12,159943,1.141,1.128,1.144,1.126,58048,6571615.5,1.58,-1.23,-0.014,3.53
2023-05-15,159943,1.128,1.142,1.142,1.125,41473,4706555.26,1.51,1.24,0.014,2.53
2023-05-16,159943,1.143,1.138,1.144,1.135,43585,4969750.68,0.79,-0.35,-0.004,2.65
2023-05-17,159943,1.136,1.137,1.14,1.131,22997,2610501.4,0.79,-0.09,-0.001,1.4
2023-05-18,159943,1.139,1.137,1.141,1.129,18936,2151856.1,1.06,0.0,0.0,1.15
2023-05-19,159943,1.13,1.137,1.142,1.13,22740,2581432.82,1.06,0.0,0.0,1.38
2023-05-22,159943,1.136,1.141,1.143,1.131,28555,3254038.4,1.06,0.35,0.004,1.74
2023-05-23,159943,1.141,1.131,1.142,1.128,23631,2683646.3,1.23,-0.88,-0.01,1.44
2023-05-24,159943,1.128,1.12,1.132,1.119,45369,5095836.776,1.15,-0.97,-0.011,2.76
2023-05-25,159943,1.113,1.117,1.124,1.108,77095,8598948.393,1.43,-0.27,-0.003,4.69
2023-05-26,159943,1.114,1.12,1.12,1.108,25713,2867206.3,1.07,0.27,0.003,1.57
2023-05-29,159943,1.121,1.112,1.122,1.108,29123,3240775.457,1.25,-0.71,-0.008,1.77
2023-05-30,159943,1.112,1.114,1.119,1.1,38942,4325524.25,1.71,0.18,0.002,2.37
2023-05-31,159943,1.115,1.112,1.115,1.101,43885,4857601.9,1.26,-0.18,-0.002,2.67
2023-06-01,159943,1.112,1.113,1.119,1.104,34170,3806175.862,1.35,0.09,0.001,2.08
2023-06-02,159943,1.114,1.128,1.129,1.114,52328,5881897.8,1.35,1.35,0.015,3.19
2023-06-05,159943,1.127,1.122,1.127,1.117,33602,3767766.313,0.89,-0.53,-0.006,2.05
2023-06-06,159943,1.121,1.106,1.121,1.104,39810,4426518.1,1.52,-1.43,-0.016,2.42
2023-06-07,159943,1.104,1.102,1.11,1.098,35779,3945006.8,1.08,-0.36,-0.004,2.18
2023-06-08,159943,1.102,1.101,1.109,1.097,69077,7608019.016,1.09,-0.09,-0.001,4.21
2023-06-09,159943,1.102,1.11,1.11,1.1,38890,4297358.5,0.91,0.82,0.009,2.37
2023-06-12,159943,1.113,1.116,1.119,1.105,47674,5315732.564,1.26,0.54,0.006,2.9
2023-06-13,159943,1.114,1.124,1.126,1.114,41097,4610502.782,1.08,0.72,0.008,2.5
2023-06-14,159943,1.125,1.125,1.132,1.125,36992,4172096.896,0.62,0.09,0.001,2.25
2023-06-15,159943,1.126,1.149,1.149,1.126,95147,10836151.385,2.04,2.13,0.024,5.79
2023-06-16,159943,1.154,1.159,1.162,1.147,52438,6055941.0,1.31,0.87,0.01,3.19
2023-06-19,159943,1.154,1.157,1.159,1.153,93309,10783866.2,0.52,-0.17,-0.002,5.68
2023-06-20,159943,1.155,1.16,1.165,1.154,53188,6164065.1,0.95,0.26,0.003,3.24
2023-06-21,159943,1.15,1.136,1.159,1.135,68077,7790506.352,2.07,-2.07,-0.024,4.15
2023-06-26,159943,1.13,1.121,1.133,1.117,43837,4930337.5,1.41,-1.32,-0.015,2.67
2023-06-27,159943,1.119,1.134,1.134,1.119,33989,3832657.15,1.34,1.16,0.013,2.07
2023-06-28,159943,1.132,1.126,1.132,1.112,66295,7448394.2,1.76,-0.71,-0.008,4.04
2023-06-29,159943,1.12,1.122,1.127,1.118,22281,2501200.0,0.8,-0.36,-0.004,1.36
2023-06-30,159943,1.12,1.137,1.138,1.119,34765,3937218.214,1.69,1.34,0.015,2.12
2023-07-03,159943,1.14,1.143,1.147,1.137,25616,2926065.426,0.88,0.53,0.006,1.56
2023-07-04,159943,1.145,1.144,1.147,1.139,19799,2263807.972,0.7,0.09,0.001,1.21
2023-07-05,159943,1.147,1.136,1.147,1.133,29322,3334640.5,1.22,-0.7,-0.008,1.79
2023-07-06,159943,1.133,1.129,1.141,1.126,23925,2707604.563,1.32,-0.62,-0.007,1.46
2023-07-07,159943,1.128,1.122,1.128,1.118,24958,2800486.6,0.89,-0.62,-0.007,1.52
2023-07-10,159943,1.122,1.128,1.134,1.122,35314,3989646.73,1.07,0.53,0.006,2.15
2023-07-11,159943,1.128,1.138,1.138,1.127,50595,5736315.8,0.98,0.89,0.01,3.08
2023-07-12,159943,1.138,1.127,1.14,1.124,168007,19016277.0,1.41,-0.97,-0.011,10.23
2023-07-13,159943,1.128,1.142,1.143,1.128,46584,5299278.3,1.33,1.33,0.015,2.84
2023-07-14,159943,1.143,1.14,1.144,1.138,11445,1305549.332,0.53,-0.18,-0.002,0.7
2023-07-17,159943,1.137,1.132,1.137,1.127,28049,3173384.9,0.88,-0.7,-0.008,1.71
2023-07-18,159943,1.13,1.131,1.134,1.126,20183,2280443.776,0.71,-0.09,-0.001,1.23
2023-07-19,159943,1.129,1.129,1.131,1.121,25311,2849264.8,0.88,-0.18,-0.002,1.54
2023-07-20,159943,1.128,1.119,1.135,1.117,22099,2488054.1,1.59,-0.89,-0.01,1.35
2023-07-21,159943,1.119,1.117,1.122,1.112,91739,10243350.6,0.89,-0.18,-0.002,5.59
2023-07-24,159943,1.112,1.11,1.117,1.107,39529,4387143.8,0.9,-0.63,-0.007,2.41
2023-07-25,159943,1.125,1.13,1.135,1.111,61696,6958417.1,2.16,1.8,0.02,3.76
2023-07-26,159943,1.147,1.13,1.147,1.126,24320,2753345.505,1.86,0.0,0.0,1.48
2023-07-27,159943,1.13,1.127,1.135,1.125,38945,4406887.195,0.88,-0.27,-0.003,2.37
2023-07-28,159943,1.125,1.141,1.143,1.122,43705,4971578.2,1.86,1.24,0.014,2.66
2023-07-31,159943,1.143,1.153,1.162,1.143,63666,7350149.7,1.67,1.05,0.012,3.88
2023-08-01,159943,1.153,1.145,1.153,1.143,36418,4177393.769,0.87,-0.69,-0.008,2.22
2023-08-02,159943,1.145,1.141,1.148,1.139,18705,2137389.335,0.79,-0.35,-0.004,1.14
2023-08-03,159943,1.138,1.149,1.149,1.138,35174,4028876.635,0.96,0.7,0.008,2.14
2023-08-04,159943,1.16,1.154,1.163,1.151,50464,5844889.0,1.04,0.44,0.005,3.07
2023-08-07,159943,1.155,1.146,1.155,1.143,17780,2038923.0,1.04,-0.69,-0.008,1.08
2023-08-08,159943,1.141,1.142,1.147,1.14,15808,1806282.388,0.61,-0.35,-0.004,0.96
2023-08-09,159943,1.14,1.141,1.144,1.139,15811,1803271.9,0.44,-0.09,-0.001,0.96
2023-08-10,159943,1.141,1.14,1.143,1.135,46651,5310306.6,0.7,-0.09,-0.001,2.84
2023-08-11,159943,1.14,1.118,1.143,1.118,47323,5336714.4,2.19,-1.93,-0.022,2.88
2023-08-14,159943,1.115,1.109,1.115,1.097,105401,11637829.5,1.61,-0.81,-0.009,6.42
2023-08-15,159943,1.11,1.101,1.11,1.095,54433,5993306.7,1.35,-0.72,-0.008,3.31
2023-08-16,159943,1.099,1.096,1.103,1.094,36811,4042846.536,0.82,-0.45,-0.005,2.24
2023-08-17,159943,1.093,1.101,1.101,1.084,69404,7569929.2,1.55,0.46,0.005,4.23
2023-08-18,159943,1.099,1.08,1.1,1.079,98897,10768632.582,1.91,-1.91,-0.021,6.02
2023-08-21,159943,1.07,1.068,1.081,1.067,55977,6005199.1,1.3,-1.11,-0.012,3.41
2023-08-22,159943,1.069,1.074,1.075,1.055,136741,14549745.905,1.87,0.56,0.006,8.33
2023-08-23,159943,1.073,1.049,1.073,1.047,114666,12111766.903,2.42,-2.33,-0.025,6.98
2023-08-24,159943,1.051,1.062,1.068,1.049,82810,8772247.9,1.81,1.24,0.013,5.04
2023-08-25,159943,1.053,1.049,1.058,1.043,100814,10584151.8,1.41,-1.22,-0.013,6.14
2023-08-28,159943,1.098,1.061,1.105,1.057,138210,14903070.5,4.58,1.14,0.012,8.42
2023-08-29,159943,1.06,1.08,1.083,1.057,66113,7095149.8,2.45,1.79,0.019,4.03
2023-08-30,159943,1.081,1.086,1.091,1.078,92816,10075550.5,1.2,0.56,0.006,5.65
2023-08-31,159943,1.084,1.079,1.084,1.078,42140,4553605.1,0.55,-0.64,-0.007,2.57
2023-09-01,159943,1.079,1.084,1.087,1.079,25825,2797039.51,0.74,0.46,0.005,1.57
2023-09-04,159943,1.083,1.096,1.096,1.083,40047,4365855.944,1.2,1.11,0.012,2.44
2023-09-05,159943,1.089,1.092,1.095,1.088,56217,6136903.6,0.64,-0.36,-0.004,3.42
2023-09-06,159943,1.086,1.088,1.09,1.081,33087,3591131.6,0.82,-0.37,-0.004,2.01
2023-09-07,159943,1.082,1.07,1.085,1.07,32382,3483290.8,1.38,-1.65,-0.018,1.97
2023-09-08,159943,1.069,1.067,1.069,1.061,24792,2639474.5,0.75,-0.28,-0.003,1.51
2023-09-11,159943,1.067,1.076,1.081,1.065,28135,3020621.904,1.5,0.84,0.009,1.71
2023-09-12,159943,1.078,1.076,1.079,1.072,27585,2967060.8,0.65,0.0,0.0,1.68
2023-09-13,159943,1.076,1.063,1.076,1.057,55760,5922082.4,1.77,-1.21,-0.013,3.4
2023-09-14,159943,1.063,1.057,1.063,1.054,21089,2230417.5,0.85,-0.56,-0.006,1.28
2023-09-15,159943,1.058,1.051,1.061,1.05,79411,8373434.452,1.04,-0.57,-0.006,4.84
2023-09-18,159943,1.049,1.054,1.06,1.045,51450,5416354.704,1.43,0.29,0.003,3.13
2023-09-19,159943,1.054,1.048,1.054,1.044,37693,3946197.8,0.95,-0.57,-0.006,2.3
2023-09-20,159943,1.048,1.045,1.049,1.044,20478,2142181.8,0.48,-0.29,-0.003,1.25
2023-09-21,159943,1.044,1.035,1.045,1.034,70672,7330222.4,1.05,-0.96,-0.01,4.3
2023-09-22,159943,1.033,1.057,1.057,1.032,90090,9417015.08,2.42,2.13,0.022,5.49
2023-09-25,159943,1.05,1.048,1.056,1.046,36601,3840591.22,0.95,-0.85,-0.009,2.23
2023-09-26,159943,1.048,1.044,1.051,1.043,17751,1857392.4,0.76,-0.38,-0.004,1.08
2023-09-27,159943,1.043,1.049,1.055,1.039,26602,2784403.3,1.53,0.48,0.005,1.62
2023-09-28,159943,1.052,1.05,1.052,1.045,21005,2203466.2,0.67,0.1,0.001,1.28
2023-10-09,159943,1.048,1.051,1.052,1.038,29679,3100251.8,1.33,0.1,0.001,1.81
2023-10-10,159943,1.056,1.043,1.056,1.041,94919,9949176.3,1.43,-0.76,-0.008,5.78
2023-10-11,159943,1.046,1.05,1.052,1.045,43498,4556778.6,0.67,0.67,0.007,2.65
2023-10-12,159943,1.054,1.053,1.056,1.047,59641,6267500.832,0.86,0.29,0.003,3.63
2023-10-13,159943,1.043,1.044,1.047,1.037,26942,2809132.9,0.95,-0.85,-0.009,1.64
2023-10-16,159943,1.04,1.031,1.043,1.029,98925,10214064.889,1.34,-1.25,-0.013,6.02
2023-10-17,159943,1.031,1.032,1.033,1.027,80690,8308593.8,0.58,0.1,0.001,4.91
2023-10-18,159943,1.03,1.019,1.03,1.019,60570,6191641.1,1.07,-1.26,-0.013,3.69
2023-10-19,159943,1.007,1.004,1.018,1.001,108818,10982721.7,1.67,-1.47,-0.015,6.63
2023-10-20,159943,1.001,0.996,1.003,0.993,68217,6807593.904,1.0,-0.8,-0.008,4.15
2023-10-23,159943,0.993,0.977,0.994,0.974,97129,9540025.3,2.01,-1.91,-0.019,5.91
2023-10-24,159943,0.979,0.982,0.987,0.974,59773,5862413.218,1.33,0.51,0.005,3.64
2023-10-25,159943,0.99,0.986,0.996,0.986,63453,6292268.1,1.02,0.41,0.004,3.86
2023-10-26,159943,0.979,0.992,0.993,0.978,76282,7494269.832,1.52,0.61,0.006,4.64
2023-10-27,159943,0.988,1.01,1.014,0.986,96811,9721069.162,2.82,1.81,0.018,5.89
2023-10-30,159943,1.003,1.029,1.03,1.003,114831,11706797.416,2.67,1.88,0.019,6.99
2023-10-31,159943,1.028,1.022,1.028,1.016,78925,8061535.997,1.17,-0.68,-0.007,4.81
2023-11-01,159943,1.023,1.019,1.026,1.015,36153,3689233.884,1.08,-0.29,-0.003,2.2
2023-11-02,159943,1.019,1.01,1.024,1.009,34777,3529570.304,1.47,-0.88,-0.009,2.12
2023-11-03,159943,1.01,1.022,1.025,1.01,54805,5589016.9,1.49,1.19,0.012,3.34
2023-11-06,159943,1.029,1.043,1.043,1.028,61213,6345800.6,1.47,2.05,0.021,3.73
2023-11-07,159943,1.037,1.042,1.044,1.036,49466,5144181.0,0.77,-0.1,-0.001,3.01
2023-11-08,159943,1.04,1.041,1.045,1.034,57866,6024186.9,1.06,-0.1,-0.001,3.52
2023-11-09,159943,1.039,1.039,1.045,1.036,21309,2215141.078,0.86,-0.19,-0.002,1.3
2023-11-10,159943,1.038,1.033,1.038,1.028,35970,3712551.611,0.96,-0.58,-0.006,2.19
2023-11-13,159943,1.034,1.037,1.037,1.029,52871,5462601.9,0.77,0.39,0.004,3.22
2023-11-14,159943,1.037,1.037,1.042,1.032,35066,3633509.36,0.96,0.0,0.0,2.14
2023-11-15,159943,1.043,1.043,1.049,1.041,49727,5195160.2,0.77,0.58,0.006,3.03
2023-11-16,159943,1.04,1.032,1.043,1.031,42945,4443290.478,1.15,-1.05,-0.011,2.61
2023-11-17,159943,1.031,1.034,1.034,1.027,34351,3540138.8,0.68,0.19,0.002,2.09
2023-11-20,159943,1.034,1.039,1.041,1.028,55640,5762816.499,1.26,0.48,0.005,3.39
2023-11-21,159943,1.039,1.036,1.047,1.034,41645,4334969.4,1.25,-0.29,-0.003,2.54
2023-11-22,159943,1.035,1.025,1.035,1.023,51380,5283176.5,1.16,-1.06,-0.011,3.13
2023-11-23,159943,1.025,1.029,1.03,1.017,41999,4301866.1,1.27,0.39,0.004,2.56
2023-11-24,159943,1.031,1.021,1.031,1.017,46654,4767235.5,1.36,-0.78,-0.008,2.84
2023-11-27,159943,1.019,1.015,1.02,1.01,31531,3197421.8,0.98,-0.59,-0.006,1.92
2023-11-28,159943,1.016,1.019,1.02,1.011,23873,2425723.3,0.89,0.39,0.004,1.45
2023-11-29,159943,1.02,1.012,1.02,1.009,17705,1792434.4,1.08,-0.69,-0.007,1.08
2023-11-30,159943,1.011,1.011,1.013,1.005,22156,2233374.6,0.79,-0.1,-0.001,1.35
2023-12-01,159943,1.01,1.01,1.012,1.001,33991,3419239.6,1.09,-0.1,-0.001,2.07
2023-12-04,159943,1.011,1.003,1.011,1.001,37917,3809295.958,0.99,-0.69,-0.007,2.31
2023-12-05,159943,1.002,0.985,1.002,0.983,240880,23853083.4,1.89,-1.79,-0.018,14.67
2023-12-06,159943,0.983,0.989,0.995,0.98,66938,6609241.1,1.52,0.41,0.004,4.08
2023-12-07,159943,0.989,0.989,0.992,0.98,40969,4037111.2,1.21,0.0,0.0,2.49
2023-12-08,159943,0.986,0.991,0.994,0.986,48643,4822331.6,0.81,0.2,0.002,2.96
2023-12-11,159943,0.99,0.999,1.001,0.98,57619,5710714.8,2.12,0.81,0.008,3.51
2023-12-12,159943,0.996,0.999,1.001,0.995,47784,4762825.992,0.6,0.0,0.0,2.91
2023-12-13,159943,0.998,0.984,0.998,0.983,55923,5530490.4,1.5,-1.5,-0.015,3.41
2023-12-14,159943,0.986,0.979,0.993,0.978,38897,3829386.9,1.52,-0.51,-0.005,2.37
2023-12-15,159943,0.981,0.977,0.987,0.975,54485,5337523.4,1.23,-0.2,-0.002,3.32
2023-12-18,159943,0.977,0.963,0.977,0.963,114435,11080696.8,1.43,-1.43,-0.014,6.97
2023-12-19,159943,0.962,0.967,0.972,0.96,102422,9885146.8,1.25,0.42,0.004,6.24
2023-12-20,159943,0.97,0.952,0.971,0.952,82596,7920328.2,1.96,-1.55,-0.015,5.03
2023-12-21,159943,0.949,0.96,0.965,0.945,123592,11817212.1,2.1,0.84,0.008,7.53
2023-12-22,159943,0.96,0.959,0.968,0.953,81607,7840016.148,1.56,-0.1,-0.001,4.97
2023-12-25,159943,0.959,0.961,0.962,0.956,52250,5008425.5,0.63,0.21,0.002,3.18
2023-12-26,159943,0.961,0.953,0.961,0.948,54402,5179606.4,1.35,-0.83,-0.008,3.31
2023-12-27,159943,0.954,0.954,0.957,0.947,68775,6542588.1,1.05,0.1,0.001,4.19
2023-12-28,159943,0.954,0.983,0.983,0.952,146610,14227428.06,3.25,3.04,0.029,8.93
2023-12-29,159943,0.982,0.986,0.99,0.979,75466,7436413.2,1.12,0.31,0.003,4.6
2024-01-02,159943,0.986,0.976,0.987,0.976,80781,7925049.0,1.12,-1.01,-0.01,4.92
2024-01-03,159943,0.972,0.973,0.976,0.963,83229,8065899.1,1.33,-0.31,-0.003,5.07
2024-01-04,159943,0.97,0.958,0.971,0.953,103590,9929171.208,1.85,-1.54,-0.015,6.31
2024-01-05,159943,0.957,0.951,0.963,0.946,141293,13498301.3,1.77,-0.73,-0.007,8.6
2024-01-08,159943,0.949,0.936,0.949,0.932,139441,13089979.0,1.79,-1.58,-0.015,8.49
2024-01-09,159943,0.937,0.932,0.939,0.927,114163,10648692.5,1.28,-0.43,-0.004,6.95
2024-01-10,159943,0.927,0.928,0.938,0.921,78687,7315325.0,1.82,-0.43,-0.004,4.79
2024-01-11,159943,0.923,0.942,0.945,0.923,140471,13184531.3,2.37,1.51,0.014,8.55
2024-01-12,159943,0.941,0.934,0.945,0.933,83226,7802282.732,1.27,-0.85,-0.008,5.07
2024-01-15,159943,0.931,0.931,0.939,0.925,70365,6553907.7,1.5,-0.32,-0.003,4.28
2024-01-16,159943,0.931,0.933,0.934,0.921,75141,6970685.08,1.4,0.21,0.002,4.58
2024-01-17,159943,0.932,0.916,0.932,0.913,103923,9584220.5,2.04,-1.82,-0.017,6.33
2024-01-18,159943,0.91,0.922,0.925,0.893,195129,17647177.96,3.49,0.66,0.006,11.88
2024-01-19,159943,0.918,0.914,0.922,0.912,84043,7702778.3,1.08,-0.87,-0.008,5.12
2024-01-22,159943,0.909,0.886,0.91,0.882,121120,10838582.5,3.06,-3.06,-0.028,7.38
2024-01-23,159943,0.877,0.891,0.898,0.875,127617,11343776.36,2.6,0.56,0.005,7.77
2024-01-24,159943,0.894,0.901,0.903,0.873,156511,13903465.39,3.37,1.12,0.01,9.53
2024-01-25,159943,0.901,0.919,0.92,0.895,161813,14750156.4,2.77,2.0,0.018,9.85
2024-01-26,159943,0.919,0.91,0.92,0.908,128077,11710205.34,1.31,-0.98,-0.009,7.8
2024-01-29,159943,0.91,0.891,0.914,0.891,118581,10664505.2,2.53,-2.09,-0.019,7.22
2024-01-30,159943,0.89,0.875,0.892,0.872,113725,10041516.1,2.24,-1.8,-0.016,6.92
2024-01-31,159943,0.874,0.86,0.875,0.856,100302,8661891.1,2.17,-1.71,-0.015,6.11
2024-02-01,159943,0.86,0.861,0.87,0.847,117061,10026701.9,2.67,0.12,0.001,7.13
2024-02-02,159943,0.853,0.838,0.863,0.819,185486,15577945.835,5.11,-2.67,-0.023,11.29
2024-02-05,159943,0.825,0.837,0.849,0.805,194110,15979563.748,5.25,-0.12,-0.001,11.82
2024-02-06,159943,0.827,0.882,0.882,0.818,212214,18173749.912,7.65,5.38,0.045,12.92
2024-02-07,159943,0.882,0.904,0.909,0.877,226104,20300685.3,3.63,2.49,0.022,13.77
2024-02-08,159943,0.909,0.914,0.932,0.908,221839,20428329.172,2.65,1.11,0.01,13.51
2024-02-19,159943,0.927,0.922,0.928,0.913,202998,18668140.62,1.64,0.88,0.008,12.36
2024-02-20,159943,0.92,0.921,0.925,0.913,136058,12493759.755,1.3,-0.11,-0.001,8.28
2024-02-21,159943,0.92,0.93,0.947,0.914,170518,15888571.678,3.58,0.98,0.009,10.38
2024-02-22,159943,0.93,0.938,0.939,0.928,91616,8551374.3,1.18,0.86,0.008,5.58
2024-02-23,159943,0.937,0.941,0.946,0.931,106503,9984128.012,1.6,0.32,0.003,6.48
2024-02-26,159943,0.941,0.94,0.95,0.936,139524,13148909.2,1.49,-0.11,-0.001,8.5
2024-02-27,159943,0.938,0.963,0.963,0.935,84494,8020917.188,2.98,2.45,0.023,5.14
2024-02-28,159943,0.963,0.942,0.974,0.941,156836,15062016.022,3.43,-2.18,-0.021,9.55
2024-02-29,159943,0.941,0.97,0.97,0.936,121748,11657212.556,3.61,2.97,0.028,7.41
2024-03-01,159943,0.97,0.98,0.981,0.964,122887,11967099.216,1.75,1.03,0.01,7.48
2024-03-04,159943,0.976,0.98,0.985,0.971,94829,9269641.775,1.43,0.0,0.0,5.77
2024-03-05,159943,0.977,0.975,0.98,0.97,104597,10189148.516,1.02,-0.51,-0.005,6.37
2024-03-06,159943,0.973,0.972,0.982,0.967,105976,10321446.5,1.54,-0.31,-0.003,6.45
2024-03-07,159943,0.972,0.961,0.981,0.961,168025,16343748.392,2.06,-1.13,-0.011,10.23
2024-03-08,159943,0.964,0.971,0.973,0.958,91951,8881513.1,1.56,1.04,0.01,5.6
2024-03-11,159943,0.968,0.995,0.995,0.968,144698,14211331.7,2.78,2.47,0.024,8.81
2024-03-12,159943,0.996,0.997,1.001,0.989,75068,7474464.6,1.21,0.2,0.002,4.57
2024-03-13,159943,0.997,0.996,1.002,0.991,64381,6424843.4,1.1,-0.1,-0.001,3.92
2024-03-14,159943,0.996,0.994,1.003,0.985,86417,8585390.5,1.81,-0.2,-0.002,5.26
2024-03-15,159943,0.993,0.998,0.998,0.981,67831,6706096.3,1.71,0.4,0.004,4.13
2024-03-18,159943,0.998,1.014,1.014,0.998,114390,11509120.748,1.6,1.6,0.016,6.97
2024-03-19,159943,1.011,1.006,1.015,1.005,65633,6633082.6,0.99,-0.79,-0.008,4.0
2024-03-20,159943,1.005,1.008,1.01,1.002,59323,5972622.7,0.8,0.2,0.002,3.61
2024-03-21,159943,1.009,1.006,1.013,1.003,90619,9139098.6,0.99,-0.2,-0.002,5.52
2024-03-22,159943,1.003,0.994,1.005,0.987,87227,8672094.9,1.79,-1.19,-0.012,5.31
2024-03-25,159943,0.994,0.981,0.997,0.979,73150,7222118.128,1.81,-1.31,-0.013,4.45
2024-03-26,159943,0.98,0.982,0.985,0.973,61738,6053237.2,1.22,0.1,0.001,3.76
2024-03-27,159943,0.979,0.963,0.979,0.962,73332,7113950.8,1.73,-1.93,-0.019,4.47
2024-03-28,159943,0.962,0.972,0.981,0.958,86639,8417049.8,2.39,0.93,0.009,5.28
2024-03-29,159943,0.969,0.978,0.978,0.968,58478,5690594.852,1.03,0.62,0.006,3.56
2024-04-01,159943,0.98,1.0,1.002,0.98,113143,11262527.952,2.25,2.25,0.022,6.89
2024-04-02,159943,1.0,0.996,1.005,0.991,70377,7008827.0,1.4,-0.4,-0.004,4.29
2024-04-03,159943,0.996,0.994,0.997,0.988,146145,14515339.504,0.9,-0.2,-0.002,8.9
2024-04-08,159943,0.992,0.978,0.992,0.975,152110,14947794.9,1.71,-1.61,-0.016,9.26
2024-04-09,159943,0.977,0.981,0.982,0.972,65427,6392806.2,1.02,0.31,0.003,3.98
2024-04-10,159943,0.978,0.969,0.979,0.961,153604,14866013.0,1.83,-1.22,-0.012,9.35
2024-04-11,159943,0.961,0.968,0.974,0.959,75355,7295991.0,1.55,-0.1,-0.001,4.59
2024-04-12,159943,0.967,0.961,0.971,0.958,64274,6195872.9,1.34,-0.72,-0.007,3.91
2024-04-15,159943,0.957,0.972,0.976,0.955,112193,10881508.49,2.19,1.14,0.011,6.83
2024-04-16,159943,0.97,0.956,0.971,0.954,95899,9212520.1,1.75,-1.65,-0.016,5.84
2024-04-17,159943,0.956,0.975,0.975,0.955,104206,10073061.1,2.09,1.99,0.019,6.35
2024-04-18,159943,0.975,0.973,0.984,0.966,96436,9413992.4,1.85,-0.21,-0.002,5.87
2024-04-19,159943,0.972,0.967,0.972,0.958,132860,12796675.0,1.44,-0.62,-0.006,8.09
2024-04-22,159943,0.966,0.963,0.97,0.957,90047,8676984.7,1.34,-0.41,-0.004,5.48
2024-04-23,159943,0.963,0.955,0.964,0.952,220724,21076527.7,1.25,-0.83,-0.008,13.44
2024-04-24,159943,0.955,0.962,0.962,0.95,81813,7829647.9,1.26,0.73,0.007,4.98
2024-04-25,159943,0.96,0.965,0.97,0.956,108214,10433472.789,1.46,0.31,0.003,6.59
2024-04-26,159943,0.965,0.986,0.986,0.964,155817,15225767.751,2.28,2.18,0.021,9.49
2024-04-29,159943,0.99,1.006,1.01,0.986,147316,14738513.36,2.43,2.03,0.02,8.97
2024-04-30,159943,1.006,0.997,1.006,0.997,112212,11227337.7,0.89,-0.89,-0.009,6.83
2024-05-06,159943,1.01,1.015,1.019,1.007,109316,11098139.322,1.2,1.81,0.018,6.66
2024-05-07,159943,1.015,1.014,1.019,1.012,88944,9031637.7,0.69,-0.1,-0.001,5.42
2024-05-08,159943,1.014,1.002,1.014,1.001,92843,9330660.4,1.28,-1.18,-0.012,5.65
2024-05-09,159943,0.998,1.018,1.019,0.998,117070,11864095.076,2.1,1.6,0.016,7.13
2024-05-10,159943,1.021,1.012,1.021,1.006,135885,13735206.728,1.47,-0.59,-0.006,8.27
2024-05-13,159943,1.004,1.007,1.012,1.0,112342,11302279.06,1.19,-0.49,-0.005,6.84
2024-05-14,159943,1.007,1.005,1.015,1.003,75395,7601511.4,1.19,-0.2,-0.002,4.59
2024-05-15,159943,1.006,1.001,1.006,1.0,86898,8713352.062,0.6,-0.4,-0.004,5.29
2024-05-16,159943,1.001,1.002,1.008,0.999,93160,9345983.139,0.9,0.1,0.001,5.67
2024-05-17,159943,1.002,1.012,1.012,0.999,130543,13112818.993,1.3,1.0,0.01,7.95
2024-05-20,159943,1.015,1.016,1.019,1.01,104656,10619481.0,0.89,0.4,0.004,6.37
2024-05-21,159943,1.015,1.011,1.015,1.008,69825,7059573.812,0.69,-0.49,-0.005,4.25
2024-05-22,159943,1.011,1.014,1.014,1.006,61000,6166104.569,0.79,0.3,0.003,3.71
2024-05-23,159943,1.011,0.997,1.011,0.995,189341,18936146.8,1.58,-1.68,-0.017,11.53
2024-05-24,159943,0.997,0.987,1.001,0.985,116074,11523283.8,1.6,-1.0,-0.01,7.07
2024-05-27,159943,0.987,0.996,0.996,0.98,77927,7685167.0,1.62,0.91,0.009,4.74
2024-05-28,159943,0.995,0.982,0.995,0.981,144957,14298104.4,1.41,-1.41,-0.014,8.83
2024-05-29,159943,0.982,0.986,0.989,0.981,92695,9135199.9,0.81,0.41,0.004,5.64
2024-05-30,159943,0.983,0.983,0.988,0.98,77908,7657418.0,0.81,-0.3,-0.003,4.74
2024-05-31,159943,0.983,0.98,0.989,0.98,128871,12682052.57,0.92,-0.31,-0.003,7.85
2024-06-03,159943,0.975,0.982,0.985,0.972,132518,12984657.1,1.33,0.2,0.002,8.07
2024-06-04,159943,0.98,0.992,0.993,0.977,118214,11653839.467,1.63,1.02,0.01,7.2
2024-06-05,159943,0.989,0.984,0.995,0.984,165148,16346203.4,1.11,-0.81,-0.008,10.06
2024-06-06,159943,0.985,0.981,0.991,0.977,142806,14048058.5,1.42,-0.3,-0.003,8.7
2024-06-07,159943,0.981,0.973,0.983,0.964,173906,16927140.0,1.94,-0.82,-0.008,10.59
2024-06-11,159943,0.97,0.972,0.974,0.962,75453,7290617.3,1.23,-0.1,-0.001,4.59
2024-06-12,159943,0.97,0.972,0.976,0.969,95259,9265008.5,0.72,0.0,0.0,5.8
2024-06-13,159943,0.972,0.969,0.976,0.966,105204,10205679.1,1.03,-0.31,-0.003,6.41
2024-06-14,159943,0.968,0.975,0.975,0.961,156458,15129331.5,1.44,0.62,0.006,9.53
2024-06-17,159943,0.971,0.976,0.977,0.968,99618,9705705.9,0.92,0.1,0.001,6.07
2024-06-18,159943,0.976,0.979,0.981,0.974,78724,7699007.9,0.72,0.31,0.003,4.79
2024-06-19,159943,0.979,0.971,0.98,0.968,97056,9430372.4,1.23,-0.82,-0.008,5.91
2024-06-20,159943,0.969,0.959,0.972,0.954,185845,17849458.6,1.85,-1.24,-0.012,11.32
2024-06-21,159943,0.956,0.954,0.958,0.949,118525,11312914.3,0.94,-0.52,-0.005,7.22
2024-06-24,159943,0.953,0.942,0.953,0.94,121684,11504260.08,1.36,-1.26,-0.012,7.41
2024-06-25,159943,0.942,0.93,0.942,0.927,129530,12092604.0,1.59,-1.27,-0.012,7.89
2024-06-26,159943,0.932,0.946,0.948,0.925,121888,11418938.2,2.47,1.72,0.016,7.42
2024-06-27,159943,0.94,0.934,0.942,0.933,162970,15268652.5,0.95,-1.27,-0.012,9.92
2024-06-28,159943,0.935,0.938,0.945,0.931,127327,11957509.0,1.5,0.43,0.004,7.75
2024-07-01,159943,0.935,0.94,0.94,0.925,154146,14359530.484,1.6,0.21,0.002,9.39
2024-07-02,159943,0.937,0.93,0.938,0.927,179959,16777559.1,1.17,-1.06,-0.01,10.96
2024-07-03,159943,0.93,0.927,0.931,0.922,166922,15441971.1,0.97,-0.32,-0.003,10.16
2024-07-04,159943,0.927,0.916,0.93,0.914,182717,16826984.244,1.73,-1.19,-0.011,11.13
2024-07-05,159943,0.918,0.917,0.92,0.906,154423,14079321.5,1.53,0.11,0.001,9.4
2024-07-08,159943,0.915,0.904,0.915,0.902,150865,13699295.2,1.42,-1.42,-0.013,9.19
2024-07-09,159943,0.9,0.918,0.922,0.899,235050,21409336.816,2.54,1.55,0.014,14.31
2024-07-10,159943,0.915,0.918,0.924,0.913,147591,13580776.6,1.2,0.0,0.0,8.99
2024-07-11,159943,0.926,0.937,0.939,0.923,226885,21156034.7,1.74,2.07,0.019,13.82
2024-07-12,159943,0.935,0.935,0.938,0.931,125893,11752138.1,0.75,-0.21,-0.002,7.67
2024-07-15,159943,0.933,0.93,0.933,0.927,77142,7175233.0,0.64,-0.53,-0.005,4.7
2024-07-16,159943,0.929,0.936,0.939,0.927,168995,15770107.923,1.29,0.65,0.006,10.29
2024-07-17,159943,0.936,0.932,0.936,0.93,120754,11268629.01,0.64,-0.43,-0.004,7.35
2024-07-18,159943,0.931,0.936,0.938,0.921,228751,21263612.404,1.82,0.43,0.004,13.93
2024-07-19,159943,0.931,0.94,0.942,0.93,164276,15409083.744,1.28,0.43,0.004,10.0
2024-07-22,159943,0.943,0.936,0.943,0.932,114319,10711989.0,1.17,-0.43,-0.004,6.96
2024-07-23,159943,0.934,0.914,0.936,0.911,206809,19060950.6,2.67,-2.35,-0.022,12.59
2024-07-24,159943,0.914,0.9,0.914,0.897,205559,18585613.9,1.86,-1.53,-0.014,12.52
2024-07-25,159943,0.9,0.899,0.903,0.893,144128,12925381.1,1.11,-0.11,-0.001,8.78
2024-07-26,159943,0.899,0.909,0.911,0.899,161872,14688590.4,1.33,1.11,0.01,9.86
2024-07-29,159943,0.908,0.903,0.909,0.901,144005,13007930.418,0.88,-0.66,-0.006,8.77
2024-07-30,159943,0.899,0.895,0.9,0.892,130437,11669896.43,0.89,-0.89,-0.008,7.94
2024-07-31,159943,0.892,0.927,0.93,0.892,252010,23085215.856,4.25,3.58,0.032,15.34
2024-08-01,159943,0.926,0.92,0.931,0.916,173324,15984523.4,1.62,-0.76,-0.007,10.55
2024-08-02,159943,0.916,0.908,0.922,0.906,158275,14460810.2,1.74,-1.3,-0.012,9.64
2024-08-05,159943,0.901,0.895,0.915,0.894,201152,18154375.2,2.31,-1.43,-0.013,12.25
2024-08-06,159943,0.899,0.896,0.904,0.89,209557,18760947.2,1.56,0.11,0.001,12.76
2024-08-07,159943,0.895,0.895,0.9,0.891,105974,9491280.9,1.0,-0.11,-0.001,6.45
2024-08-08,159943,0.893,0.895,0.9,0.886,143756,12829449.55,1.56,0.0,0.0,8.75
2024-08-09,159943,0.899,0.89,0.903,0.889,116038,10398861.588,1.56,-0.56,-0.005,7.07
2024-08-12,159943,0.888,0.889,0.893,0.886,85420,7590177.2,0.79,-0.11,-0.001,5.2
2024-08-13,159943,0.889,0.892,0.892,0.883,157451,13961370.5,1.01,0.34,0.003,9.59
2024-08-14,159943,0.889,0.882,0.891,0.882,109872,9715965.972,1.01,-1.12,-0.01,6.69
2024-08-15,159943,0.879,0.888,0.893,0.878,147926,13113842.976,1.7,0.68,0.006,9.01
2024-08-16,159943,0.887,0.885,0.89,0.884,135259,11982189.4,0.68,-0.34,-0.003,8.24
2024-08-19,159943,0.885,0.886,0.894,0.884,110563,9822127.2,1.13,0.11,0.001,6.73
2024-08-20,159943,0.886,0.875,0.888,0.872,138882,12174723.3,1.81,-1.24,-0.011,8.46
2024-08-21,159943,0.871,0.874,0.879,0.871,55186,4830343.8,0.91,-0.11,-0.001,3.36
2024-08-22,159943,0.873,0.866,0.874,0.865,61659,5352813.265,1.03,-0.92,-0.008,3.75
2024-08-23,159943,0.862,0.868,0.87,0.862,55683,4827056.48,0.92,0.23,0.002,3.39
2024-08-26,159943,0.868,0.868,0.873,0.866,44954,3905421.1,0.81,0.0,0.0,2.74
2024-08-27,159943,0.865,0.861,0.866,0.86,61106,5265449.9,0.69,-0.81,-0.007,3.72
2024-08-28,159943,0.86,0.856,0.861,0.855,106148,9097054.564,0.7,-0.58,-0.005,6.46
2024-08-29,159943,0.852,0.866,0.869,0.852,115694,9995476.236,1.99,1.17,0.01,7.04
2024-08-30,159943,0.866,0.89,0.898,0.865,264719,23472636.961,3.81,2.77,0.024,16.12
2024-09-02,159943,0.887,0.869,0.887,0.868,135063,11825439.9,2.13,-2.36,-0.021,8.22
2024-09-03,159943,0.869,0.878,0.88,0.868,104947,9195405.0,1.38,1.04,0.009,6.39
2024-09-04,159943,0.871,0.874,0.883,0.87,113737,9958487.836,1.48,-0.46,-0.004,6.93
2024-09-05,159943,0.874,0.877,0.882,0.873,99159,8694822.4,1.03,0.34,0.003,6.04
2024-09-06,159943,0.878,0.865,0.878,0.863,135665,11784833.3,1.71,-1.37,-0.012,8.26
2024-09-09,159943,0.859,0.857,0.864,0.854,150856,12956209.45,1.16,-0.92,-0.008,9.19
2024-09-10,159943,0.857,0.861,0.863,0.85,97782,8356840.2,1.52,0.47,0.004,5.95
2024-09-11,159943,0.858,0.862,0.865,0.855,75059,6462139.9,1.16,0.12,0.001,4.57
2024-09-12,159943,0.863,0.857,0.869,0.856,82591,7123134.0,1.51,-0.58,-0.005,5.03
2024-09-13,159943,0.857,0.851,0.86,0.85,62639,5350757.255,1.17,-0.7,-0.006,3.81
2024-09-18,159943,0.851,0.851,0.853,0.842,63181,5347215.033,1.29,0.0,0.0,3.85
2024-09-19,159943,0.854,0.86,0.868,0.847,189970,16306220.2,2.47,1.06,0.009,11.57
2024-09-20,159943,0.86,0.861,0.862,0.852,72615,6222437.4,1.16,0.12,0.001,4.42
2024-09-23,159943,0.86,0.86,0.867,0.857,89364,7710699.7,1.16,-0.12,-0.001,5.44
2024-09-24,159943,0.865,0.898,0.898,0.86,333520,29370267.344,4.42,4.42,0.038,20.31
2024-09-25,159943,0.912,0.908,0.928,0.904,356660,32695087.6,2.67,1.11,0.01,21.72
2024-09-26,159943,0.903,0.949,0.949,0.902,342409,31578218.148,5.18,4.52,0.041,20.85
2024-09-27,159943,0.959,1.022,1.022,0.958,391318,38754423.122,6.74,7.69,0.073,23.83
2024-09-30,159943,1.073,1.124,1.124,1.037,515839,56241222.161,8.51,9.98,0.102,31.41
2024-10-08,159943,1.236,1.236,1.236,1.15,517862,63310762.9,7.65,9.96,0.112,31.53
2024-10-09,159943,1.236,1.13,1.236,1.12,499339,58321693.484,9.39,-8.58,-0.106,30.4
2024-10-10,159943,1.129,1.118,1.153,1.086,414659,46574797.624,5.93,-1.06,-0.012,25.25
2024-10-11,159943,1.115,1.064,1.115,1.056,348159,37425593.804,5.28,-4.83,-0.054,21.2
2024-10-14,159943,1.064,1.095,1.1,1.057,313296,33831592.4,4.04,2.91,0.031,19.08
2024-10-15,159943,1.092,1.069,1.105,1.067,187181,20350680.27,3.47,-2.37,-0.026,11.4
2024-10-16,159943,1.056,1.057,1.073,1.051,239774,25384261.86,2.06,-1.12,-0.012,14.6
2024-10-17,159943,1.057,1.056,1.075,1.055,180900,19279383.128,1.89,-0.09,-0.001,11.02
2024-10-18,159943,1.051,1.107,1.134,1.05,317917,34575856.278,7.95,4.83,0.051,19.36
2024-10-21,159943,1.11,1.111,1.131,1.095,203153,22585050.756,3.25,0.36,0.004,12.37
2024-10-22,159943,1.11,1.121,1.126,1.103,237872,26546214.2,2.07,0.9,0.01,14.48
2024-10-23,159943,1.121,1.126,1.139,1.114,216278,24358517.768,2.23,0.45,0.005,13.17
2024-10-24,159943,1.118,1.109,1.125,1.108,339650,37767298.992,1.51,-1.51,-0.017,20.68
2024-10-25,159943,1.11,1.135,1.144,1.11,224870,25336235.6,3.07,2.34,0.026,13.69
2024-10-28,159943,1.138,1.135,1.139,1.123,167641,18950736.3,1.41,0.0,0.0,10.21
2024-10-29,159943,1.135,1.123,1.142,1.12,156244,17698278.068,1.94,-1.06,-0.012,9.51
2024-10-30,159943,1.121,1.119,1.127,1.108,131702,14719910.596,1.69,-0.36,-0.004,8.02
2024-10-31,159943,1.118,1.127,1.137,1.112,183953,20730267.832,2.23,0.71,0.008,11.2
2024-11-01,159943,1.121,1.113,1.131,1.109,161041,18069644.48,1.95,-1.24,-0.014,9.81
2024-11-04,159943,1.113,1.137,1.137,1.113,118432,13352466.005,2.16,2.16,0.024,7.21
2024-11-05,159943,1.137,1.175,1.175,1.128,211007,24455629.379,4.13,3.34,0.038,12.85
2024-11-06,159943,1.176,1.17,1.188,1.16,219344,25726956.14,2.38,-0.43,-0.005,13.36
2024-11-07,159943,1.162,1.197,1.198,1.154,174935,20578619.012,3.76,2.31,0.027,10.65
2024-11-08,159943,1.206,1.188,1.212,1.183,151372,18128089.176,2.42,-0.75,-0.009,9.22
2024-11-11,159943,1.185,1.212,1.212,1.16,173420,20717545.897,4.38,2.02,0.024,10.56
2024-11-12,159943,1.213,1.205,1.232,1.193,184779,22462506.005,3.22,-0.58,-0.007,11.25
2024-11-13,159943,1.196,1.207,1.209,1.183,133151,15922254.165,2.16,0.17,0.002,8.11
2024-11-14,159943,1.206,1.174,1.206,1.172,152898,18157233.627,2.82,-2.73,-0.033,9.31
2024-11-15,159943,1.172,1.143,1.175,1.143,236826,27538931.9,2.73,-2.64,-0.031,14.42
2024-11-18,159943,1.143,1.125,1.15,1.117,191519,21723801.926,2.89,-1.57,-0.018,11.66
2024-11-19,159943,1.126,1.143,1.144,1.112,187054,21112108.44,2.84,1.6,0.018,11.39
2024-11-20,159943,1.139,1.151,1.155,1.133,150743,17273732.7,1.92,0.7,0.008,9.18
2024-11-21,159943,1.15,1.15,1.155,1.141,111336,12790442.7,1.22,-0.09,-0.001,6.78
2024-11-22,159943,1.147,1.116,1.151,1.114,149929,16965629.4,3.22,-2.96,-0.034,9.13
2024-11-25,159943,1.116,1.109,1.119,1.094,113639,12586108.867,2.24,-0.63,-0.007,6.92
2024-11-26,159943,1.109,1.103,1.116,1.101,67983,7524527.9,1.35,-0.54,-0.006,4.14
2024-11-27,159943,1.103,1.128,1.128,1.088,177767,19614483.448,3.63,2.27,0.025,10.82
2024-11-28,159943,1.128,1.112,1.128,1.109,99401,11114456.7,1.68,-1.42,-0.016,6.05
2024-11-29,159943,1.11,1.131,1.141,1.109,175899,19811179.4,2.88,1.71,0.019,10.71
2024-12-02,159943,1.13,1.146,1.146,1.125,173206,19753759.414,1.86,1.33,0.015,10.55
2024-12-03,159943,1.146,1.142,1.146,1.131,95101,10824159.963,1.31,-0.35,-0.004,5.79
2024-12-04,159943,1.136,1.129,1.14,1.125,112785,12781493.0,1.31,-1.14,-0.013,6.87
2024-12-05,159943,1.127,1.133,1.136,1.124,104201,11787942.45,1.06,0.35,0.004,6.34
2024-12-06,159943,1.133,1.148,1.155,1.13,129757,14847749.0,2.21,1.32,0.015,7.9
2024-12-09,159943,1.148,1.143,1.151,1.135,91340,10444189.451,1.39,-0.44,-0.005,5.56
2024-12-10,159943,1.18,1.152,1.188,1.149,140521,16396293.144,3.41,0.79,0.009,8.56
2024-12-11,159943,1.148,1.154,1.158,1.146,107508,12386731.5,1.04,0.17,0.002,6.55
2024-12-12,159943,1.156,1.166,1.166,1.151,132000,15311224.94,1.3,1.04,0.012,8.04
2024-12-13,159943,1.162,1.141,1.162,1.139,125194,14356705.015,1.97,-2.14,-0.025,7.62
2024-12-16,159943,1.14,1.13,1.14,1.125,95688,10811188.173,1.31,-0.96,-0.011,5.83
2024-12-17,159943,1.129,1.124,1.137,1.122,148355,16768437.0,1.33,-0.53,-0.006,9.03
2024-12-18,159943,1.125,1.128,1.133,1.123,86717,9779952.3,0.89,0.36,0.004,5.28
2024-12-19,159943,1.12,1.135,1.137,1.115,223651,25122809.182,1.95,0.62,0.007,13.62
2024-12-20,159943,1.128,1.136,1.142,1.128,154467,17537858.026,1.23,0.09,0.001,9.41
2024-12-23,159943,1.132,1.127,1.14,1.124,137428,15534109.326,1.41,-0.79,-0.009,8.37
2024-12-24,159943,1.127,1.136,1.137,1.125,131747,14910653.2,1.06,0.8,0.009,8.02
2024-12-25,159943,1.137,1.13,1.137,1.126,127392,14395588.956,0.97,-0.53,-0.006,7.76
2024-12-26,159943,1.131,1.136,1.14,1.127,174784,19837374.3,1.15,0.53,0.006,10.64
2024-12-27,159943,1.136,1.136,1.147,1.133,122013,13896082.96,1.23,0.0,0.0,7.43
2024-12-30,159943,1.137,1.137,1.141,1.133,172028,19547187.376,0.7,0.09,0.001,10.47
2024-12-31,159943,1.134,1.115,1.138,1.113,225750,25372756.392,2.2,-1.93,-0.022,13.75
2025-01-02,159943,1.113,1.079,1.113,1.07,216591,23669656.278,3.86,-3.23,-0.036,13.19
2025-01-03,159943,1.079,1.058,1.082,1.057,162498,17355997.2,2.32,-1.95,-0.021,9.89
2025-01-06,159943,1.058,1.057,1.065,1.049,264420,27966956.2,1.51,-0.09,-0.001,16.1
2025-01-07,159943,1.053,1.067,1.067,1.051,160352,16997611.6,1.51,0.95,0.01,9.76
2025-01-08,159943,1.062,1.061,1.069,1.039,275650,29075468.1,2.81,-0.56,-0.006,16.78
2025-01-09,159943,1.059,1.064,1.068,1.056,180157,19167904.544,1.13,0.28,0.003,10.97
2025-01-10,159943,1.063,1.047,1.066,1.046,143346,15119822.7,1.88,-1.6,-0.017,8.73
2025-01-13,159943,1.044,1.046,1.052,1.037,120607,12616122.912,1.43,-0.1,-0.001,7.34
2025-01-14,159943,1.048,1.085,1.086,1.045,244521,26076432.4,3.92,3.73,0.039,14.89
2025-01-15,159943,1.082,1.075,1.082,1.072,189422,20414380.8,0.92,-0.92,-0.01,11.53
2025-01-16,159943,1.077,1.081,1.095,1.07,132177,14293372.2,2.33,0.56,0.006,8.05
2025-01-17,159943,1.073,1.086,1.091,1.073,101833,11039690.1,1.67,0.46,0.005,6.2
2025-01-20,159943,1.091,1.094,1.102,1.091,133167,14600659.1,1.01,0.74,0.008,8.11
2025-01-21,159943,1.1,1.1,1.101,1.088,93167,10206447.137,1.19,0.55,0.006,5.67
2025-01-22,159943,1.099,1.094,1.099,1.085,52621,5739677.156,1.27,-0.55,-0.006,3.2
2025-01-23,159943,1.098,1.091,1.115,1.089,206806,22834141.16,2.38,-0.27,-0.003,12.59
2025-01-24,159943,1.09,1.101,1.103,1.086,117024,12843700.7,1.56,0.92,0.01,7.13
2025-01-27,159943,1.104,1.088,1.105,1.087,91505,10029079.9,1.63,-1.18,-0.013,5.57
2025-02-05,159943,1.093,1.087,1.097,1.082,160384,17452659.0,1.38,-0.09,-0.001,9.77
2025-02-06,159943,1.088,1.11,1.111,1.082,168721,18555122.529,2.67,2.12,0.023,10.27
2025-02-07,159943,1.11,1.13,1.14,1.11,210495,23737798.588,2.7,1.8,0.02,12.82
2025-02-10,159943,1.13,1.136,1.138,1.125,190582,21565744.448,1.15,0.53,0.006,11.6
2025-02-11,159943,1.136,1.127,1.139,1.125,86209,9726775.332,1.23,-0.79,-0.009,5.25
2025-02-12,159943,1.125,1.144,1.145,1.123,133976,15195286.376,1.95,1.51,0.017,8.16
2025-02-13,159943,1.144,1.135,1.147,1.134,91421,10427283.42,1.14,-0.79,-0.009,5.57
2025-02-14,159943,1.133,1.147,1.15,1.133,149614,17107088.7,1.5,1.06,0.012,9.11
2025-02-17,159943,1.149,1.152,1.156,1.144,102810,11844694.2,1.05,0.44,0.005,6.26
2025-02-18,159943,1.155,1.135,1.155,1.13,106648,12204609.841,2.17,-1.48,-0.017,6.49
2025-02-19,159943,1.135,1.149,1.151,1.132,124021,14185650.584,1.67,1.23,0.014,7.55
2025-02-20,159943,1.147,1.152,1.155,1.146,71202,8194084.606,0.78,0.26,0.003,4.34
2025-02-21,159943,1.152,1.174,1.176,1.152,176123,20529734.118,2.08,1.91,0.022,10.72
2025-02-24,159943,1.174,1.172,1.179,1.164,110783,12982818.1,1.28,-0.17,-0.002,6.75
2025-02-25,159943,1.161,1.159,1.17,1.154,102863,11942513.5,1.37,-1.11,-0.013,6.26
2025-02-26,159943,1.157,1.169,1.169,1.156,122648,14271684.488,1.12,0.86,0.01,7.47
2025-02-27,159943,1.17,1.166,1.174,1.152,65539,7621173.623,1.88,-0.26,-0.003,3.99
2025-02-28,159943,1.16,1.136,1.162,1.132,119890,13736775.669,2.57,-2.57,-0.03,7.3
2025-03-03,159943,1.137,1.146,1.154,1.133,77805,8893965.152,1.85,0.88,0.01,4.74
2025-03-04,159943,1.14,1.142,1.145,1.129,55844,6354227.3,1.4,-0.35,-0.004,3.4
2025-03-05,159943,1.143,1.144,1.146,1.136,33443,3819984.475,0.88,0.18,0.002,2.04
2025-03-06,159943,1.146,1.163,1.167,1.146,101143,11730099.238,1.84,1.66,0.019,6.16
2025-03-07,159943,1.161,1.159,1.166,1.154,79657,9238165.1,1.03,-0.34,-0.004,4.85
2025-03-10,159943,1.156,1.156,1.163,1.141,83094,9588977.96,1.9,-0.26,-0.003,5.06
2025-03-11,159943,1.145,1.158,1.159,1.142,60058,6919450.0,1.47,0.17,0.002,3.66
2025-03-12,159943,1.16,1.159,1.167,1.156,67298,7816489.144,0.95,0.09,0.001,4.1
2025-03-13,159943,1.16,1.148,1.161,1.141,81520,9360964.8,1.73,-0.95,-0.011,4.96
2025-03-14,159943,1.146,1.172,1.173,1.145,164784,19222177.622,2.44,2.09,0.024,10.03
2025-03-17,159943,1.174,1.17,1.178,1.167,80169,9386158.073,0.94,-0.17,-0.002,4.88
2025-03-18,159943,1.171,1.177,1.179,1.17,111374,13093533.65,0.77,0.6,0.007,6.78
2025-03-19,159943,1.177,1.173,1.177,1.167,75249,8819830.8,0.85,-0.34,-0.004,4.58
2025-03-20,159943,1.173,1.166,1.173,1.162,61792,7214781.592,0.94,-0.6,-0.007,3.76
2025-03-21,159943,1.164,1.146,1.166,1.142,129379,14909117.864,2.06,-1.72,-0.02,7.88
2025-03-24,159943,1.147,1.147,1.149,1.134,108369,12348721.976,1.31,0.09,0.001,6.6
2025-03-25,159943,1.142,1.142,1.15,1.137,75494,8616183.816,1.13,-0.44,-0.005,4.6
2025-03-26,159943,1.144,1.141,1.145,1.139,54931,6277727.9,0.53,-0.09,-0.001,3.34
2025-03-27,159943,1.141,1.143,1.15,1.131,75059,8564306.189,1.67,0.18,0.002,4.57
2025-03-28,159943,1.143,1.138,1.145,1.135,43180,4917279.324,0.87,-0.44,-0.005,2.63
2025-03-31,159943,1.136,1.124,1.136,1.117,122101,13746691.0,1.67,-1.23,-0.014,7.43
2025-04-01,159943,1.126,1.127,1.134,1.123,63634,7176791.028,0.98,0.27,0.003,3.87
2025-04-02,159943,1.125,1.129,1.133,1.121,88693,10006229.9,1.06,0.18,0.002,5.4
2025-04-03,159943,1.111,1.111,1.125,1.109,144524,16110619.66,1.42,-1.59,-0.018,8.8
2025-04-07,159943,1.065,1.009,1.094,1.0,364849,37446695.7,8.46,-9.18,-0.102,22.22
2025-04-08,159943,1.007,1.015,1.025,0.999,265741,26808358.8,2.58,0.59,0.006,16.18
2025-04-09,159943,1.0,1.026,1.029,0.983,304482,30902019.71,4.53,1.08,0.011,18.54
2025-04-10,159943,1.055,1.045,1.062,1.031,221243,23244723.5,3.02,1.85,0.019,13.47
2025-04-11,159943,1.035,1.055,1.062,1.035,129845,13633602.888,2.58,0.96,0.01,7.91
2025-04-14,159943,1.063,1.06,1.067,1.057,108248,11489098.532,0.95,0.47,0.005,6.59
2025-04-15,159943,1.058,1.057,1.059,1.051,67244,7092789.6,0.75,-0.28,-0.003,4.09
2025-04-16,159943,1.055,1.049,1.055,1.037,132648,13865469.8,1.7,-0.76,-0.008,8.08
2025-04-17,159943,1.039,1.048,1.054,1.039,66782,7012697.163,1.43,-0.1,-0.001,4.07
2025-04-18,159943,1.047,1.05,1.052,1.043,52775,5524497.7,0.86,0.19,0.002,3.21
2025-04-21,159943,1.049,1.063,1.063,1.044,85819,9059465.7,1.81,1.24,0.013,5.23
2025-04-22,159943,1.063,1.061,1.065,1.058,118753,12609310.5,0.66,-0.19,-0.002,7.23
2025-04-23,159943,1.065,1.068,1.074,1.062,103864,11079575.4,1.13,0.66,0.007,6.32
2025-04-24,159943,1.067,1.063,1.071,1.057,113565,12092654.1,1.31,-0.47,-0.005,6.92
2025-04-25,159943,1.063,1.066,1.072,1.061,154484,16504161.1,1.03,0.28,0.003,9.41
2025-04-28,159943,1.066,1.061,1.068,1.058,81475,8643241.0,0.94,-0.47,-0.005,4.96
2025-04-29,159943,1.058,1.059,1.061,1.053,58085,6151174.4,0.75,-0.19,-0.002,3.54
2025-04-30,159943,1.059,1.063,1.066,1.059,51179,5444370.636,0.66,0.38,0.004,3.12
2025-05-06,159943,1.066,1.085,1.085,1.066,184430,19873648.1,1.79,2.07,0.022,11.23
2025-05-07,159943,1.101,1.086,1.101,1.082,178808,19527764.9,1.75,0.09,0.001,10.89
2025-05-08,159943,1.084,1.095,1.097,1.081,74758,8162808.688,1.47,0.83,0.009,4.55
2025-05-09,159943,1.095,1.087,1.095,1.083,103901,11294536.55,1.1,-0.73,-0.008,6.33
2025-05-12,159943,1.098,1.107,1.107,1.095,94345,10383016.25,1.1,1.84,0.02,5.74
2025-05-13,159943,1.113,1.104,1.116,1.103,90940,10061235.7,1.17,-0.27,-0.003,5.54
2025-05-14,159943,1.105,1.111,1.118,1.099,103601,11461998.444,1.72,0.63,0.007,6.31
2025-05-15,159943,1.111,1.096,1.111,1.094,127023,13964995.5,1.53,-1.35,-0.015,7.73
2025-05-16,159943,1.094,1.094,1.098,1.091,47049,5153159.0,0.64,-0.18,-0.002,2.86
2025-05-19,159943,1.093,1.093,1.094,1.084,43912,4783275.305,0.91,-0.09,-0.001,2.67
2025-05-20,159943,1.091,1.102,1.105,1.091,78852,8662111.6,1.28,0.82,0.009,4.8
2025-05-21,159943,1.099,1.107,1.111,1.099,197985,21925354.0,1.09,0.45,0.005,12.06
2025-05-22,159943,1.105,1.099,1.106,1.098,59551,6560053.0,0.72,-0.72,-0.008,3.63
2025-05-23,159943,1.096,1.092,1.108,1.092,87506,9611261.8,1.46,-0.64,-0.007,5.33
2025-05-26,159943,1.09,1.086,1.092,1.082,78543,8529501.664,0.92,-0.55,-0.006,4.78
2025-05-27,159943,1.086,1.081,1.086,1.077,74459,8040433.7,0.83,-0.46,-0.005,4.53
2025-05-28,159943,1.085,1.079,1.085,1.076,36072,3894808.1,0.83,-0.19,-0.002,2.2
2025-05-29,159943,1.08,1.093,1.093,1.078,70001,7615995.6,1.39,1.3,0.014,4.26
2025-05-30,159943,1.092,1.086,1.092,1.08,49719,5391190.7,1.1,-0.64,-0.007,3.03
2025-06-03,159943,1.084,1.085,1.088,1.08,36580,3968315.197,0.74,-0.09,-0.001,2.23
2025-06-04,159943,1.085,1.093,1.095,1.085,120114,13110097.38,0.92,0.74,0.008,7.31
2025-06-05,159943,1.092,1.099,1.101,1.089,55956,6123107.208,1.1,0.55,0.006,3.41
2025-06-06,159943,1.098,1.098,1.101,1.095,24147,2650284.4,0.55,-0.09,-0.001,1.47
2025-06-09,159943,1.098,1.103,1.107,1.098,64917,7162602.2,0.82,0.46,0.005,3.95
2025-06-10,159943,1.104,1.095,1.105,1.087,91849,10067318.6,1.63,-0.73,-0.008,5.59
2025-06-11,159943,1.096,1.105,1.11,1.095,74628,8249960.08,1.37,0.91,0.01,4.54
2025-06-12,159943,1.105,1.104,1.108,1.098,44402,4901713.4,0.9,-0.09,-0.001,2.7
2025-06-13,159943,1.104,1.094,1.104,1.09,65994,7219731.98,1.27,-0.91,-0.01,4.02
2025-06-16,159943,1.093,1.098,1.099,1.09,53779,5895273.5,0.82,0.37,0.004,3.27
2025-06-17,159943,1.098,1.097,1.103,1.095,85879,9437038.848,0.73,-0.09,-0.001,5.23
2025-06-18,159943,1.095,1.1,1.101,1.094,64545,7090970.1,0.64,0.27,0.003,3.93
2025-06-19,159943,1.1,1.089,1.101,1.085,90390,9851522.9,1.45,-1.0,-0.011,5.5
2025-06-20,159943,1.089,1.084,1.091,1.083,53691,5828819.568,0.73,-0.46,-0.005,3.27
2025-06-23,159943,1.083,1.089,1.09,1.079,65002,7047416.7,1.01,0.46,0.005,3.96
2025-06-24,159943,1.092,1.106,1.106,1.09,128121,14094131.776,1.47,1.56,0.017,7.8
2025-06-25,159943,1.107,1.126,1.126,1.107,142894,15938063.7,1.72,1.81,0.02,8.7
2025-06-26,159943,1.125,1.119,1.129,1.117,94033,10566888.748,1.07,-0.62,-0.007,5.73
2025-06-27,159943,1.121,1.123,1.13,1.118,98653,11103000.6,1.07,0.36,0.004,6.01
2025-06-30,159943,1.128,1.132,1.132,1.124,47744,5390258.906,0.71,0.8,0.009,2.91
2025-07-01,159943,1.132,1.133,1.134,1.124,64350,7268352.8,0.88,0.09,0.001,3.92
2025-07-02,159943,1.133,1.128,1.133,1.124,292158,32971214.849,0.79,-0.44,-0.005,17.79
2025-07-03,159943,1.128,1.14,1.14,1.128,108991,12365934.665,1.06,1.06,0.012,6.64
2025-07-04,159943,1.136,1.14,1.15,1.134,175618,20047241.405,1.4,0.0,0.0,10.69
2025-07-07,159943,1.138,1.13,1.138,1.128,87575,9899974.365,0.88,-0.88,-0.01,5.33
2025-07-08,159943,1.13,1.147,1.147,1.129,90151,10294090.59,1.59,1.5,0.017,5.49
2025-07-09,159943,1.147,1.147,1.154,1.142,73949,8492822.412,1.05,0.0,0.0,4.5
2025-07-10,159943,1.144,1.151,1.155,1.143,59350,6810745.719,1.05,0.35,0.004,3.61
2025-07-11,159943,1.151,1.157,1.165,1.15,121356,14054008.636,1.3,0.52,0.006,7.39
2025-07-14,159943,1.159,1.157,1.16,1.155,48837,5654322.959,0.43,0.0,0.0,2.97
2025-07-15,159943,1.157,1.162,1.167,1.152,44647,5186824.24,1.3,0.43,0.005,2.72
2025-07-16,159943,1.163,1.162,1.171,1.158,68044,7924268.7,1.12,0.0,0.0,4.14
2025-07-17,159943,1.161,1.178,1.178,1.161,49655,5816161.9,1.46,1.38,0.016,3.02
2025-07-18,159943,1.179,1.183,1.186,1.177,113484,13405351.3,0.76,0.42,0.005,6.91
2025-07-21,159943,1.186,1.195,1.195,1.183,74631,8862852.777,1.01,1.01,0.012,4.54
2025-07-22,159943,1.195,1.204,1.204,1.187,98879,11820276.926,1.42,0.75,0.009,6.02
2025-07-23,159943,1.204,1.2,1.209,1.197,105107,12655255.2,1.0,-0.33,-0.004,6.4
2025-07-24,159943,1.199,1.219,1.219,1.199,114398,13836630.677,1.67,1.58,0.019,6.97
2025-07-25,159943,1.219,1.214,1.22,1.211,87520,10625436.6,0.74,-0.41,-0.005,5.33
2025-07-28,159943,1.211,1.218,1.219,1.205,47705,5793038.344,1.15,0.33,0.004,2.9
2025-07-29,159943,1.218,1.225,1.225,1.208,68215,8305675.783,1.4,0.57,0.007,4.15
2025-07-30,159943,1.225,1.217,1.228,1.208,91052,11099832.166,1.63,-0.65,-0.008,5.54
2025-07-31,159943,1.216,1.2,1.218,1.194,130185,15721760.538,1.97,-1.4,-0.017,7.93
2025-08-01,159943,1.198,1.196,1.202,1.185,84553,10104703.0,1.42,-0.33,-0.004,5.15
2025-08-04,159943,1.185,1.199,1.2,1.185,65038,7762968.87,1.25,0.25,0.003,3.96
2025-08-05,159943,1.204,1.206,1.206,1.198,124874,15022279.75,0.67,0.58,0.007,7.6
2025-08-06,159943,1.206,1.213,1.213,1.202,107564,13000328.34,0.91,0.58,0.007,6.55
2025-08-07,159943,1.213,1.211,1.218,1.203,93711,11344300.796,1.24,-0.16,-0.002,5.71
2025-08-08,159943,1.207,1.208,1.215,1.205,105373,12755197.834,0.83,-0.25,-0.003,6.42
2025-08-11,159943,1.209,1.228,1.229,1.209,171718,20976718.05,1.66,1.66,0.02,10.46
2025-08-12,159943,1.227,1.232,1.233,1.221,143460,17621748.431,0.98,0.33,0.004,8.74
2025-08-13,159943,1.233,1.255,1.256,1.232,133796,16662232.08,1.95,1.87,0.023,8.15
2025-08-14,159943,1.257,1.242,1.26,1.238,139799,17473545.572,1.75,-1.04,-0.013,8.51
2025-08-15,159943,1.235,1.264,1.265,1.231,149600,18781695.13,2.74,1.77,0.022,9.11
2025-08-18,159943,1.268,1.288,1.295,1.263,175558,22499524.505,2.53,1.9,0.024,10.69
2025-08-19,159943,1.286,1.285,1.293,1.278,128838,16565298.93,1.16,-0.23,-0.003,7.84
2025-08-20,159943,1.276,1.295,1.295,1.267,136230,17459057.657,2.18,0.78,0.01,8.3
2025-08-21,159943,1.295,1.295,1.304,1.287,135814,17606180.404,1.31,0.0,0.0,8.27
2025-08-22,159943,1.294,1.323,1.323,1.292,189341,24770450.231,2.39,2.16,0.028,11.53
2025-08-25,159943,1.331,1.357,1.358,1.33,242387,32522727.16,2.12,2.57,0.034,14.76
2025-08-26,159943,1.356,1.359,1.365,1.342,179690,24348087.36,1.69,0.15,0.002,10.94
2025-08-27,159943,1.358,1.346,1.376,1.341,237173,32245510.139,2.58,-0.96,-0.013,14.44
2025-08-28,159943,1.33,1.37,1.37,1.325,289868,38979098.978,3.34,1.78,0.024,17.65
2025-08-29,159943,1.365,1.378,1.388,1.357,201711,27705588.785,2.26,0.58,0.008,12.28
2025-09-01,159943,1.381,1.393,1.393,1.375,180980,25057424.887,1.31,1.09,0.015,11.02
2025-09-02,159943,1.394,1.366,1.394,1.355,289604,39744060.012,2.8,-1.94,-0.027,17.63
2025-09-03,159943,1.369,1.352,1.373,1.344,225678,30690208.124,2.12,-1.02,-0.014,13.74
2025-09-04,159943,1.352,1.316,1.365,1.305,270693,36079822.082,4.44,-2.66,-0.036,16.48
2025-09-05,159943,1.316,1.368,1.369,1.31,276090,36935828.399,4.48,3.95,0.052,16.81
2025-09-08,159943,1.368,1.375,1.377,1.355,187937,25693540.414,1.61,0.51,0.007,11.44
2025-09-09,159943,1.372,1.36,1.374,1.348,121401,16526681.459,1.89,-1.09,-0.015,7.39
2025-09-10,159943,1.357,1.362,1.371,1.347,167429,22833743.645,1.76,0.15,0.002,10.19
2025-09-11,159943,1.355,1.409,1.413,1.355,270543,37532677.531,4.26,3.45,0.047,16.47
2025-09-12,159943,1.409,1.404,1.417,1.4,176032,24792315.925,1.21,-0.35,-0.005,10.72
2025-09-15,159943,1.404,1.411,1.42,1.404,121005,17106428.993,1.14,0.5,0.007,7.37
2025-09-16,159943,1.411,1.418,1.419,1.395,125594,17713311.144,1.7,0.5,0.007,7.65
2025-09-17,159943,1.419,1.434,1.435,1.41,111482,15864499.25,1.76,1.13,0.016,6.79
2025-09-18,159943,1.435,1.419,1.448,1.401,256273,36600105.992,3.28,-1.05,-0.015,15.6
2025-09-19,159943,1.418,1.418,1.43,1.41,207262,29441814.174,1.41,-0.07,-0.001,12.62
2025-09-22,159943,1.418,1.431,1.431,1.41,169712,24097514.5,1.48,0.92,0.013,10.33
2025-09-23,159943,1.43,1.426,1.44,1.396,155951,22099738.208,3.07,-0.35,-0.005,9.5
2025-09-24,159943,1.416,1.45,1.45,1.401,195635,28064035.928,3.44,1.68,0.024,11.91
2025-09-25,159943,1.443,1.459,1.468,1.442,165770,24150852.292,1.79,0.62,0.009,10.09
2025-09-26,159943,1.456,1.439,1.46,1.436,183042,26512468.328,1.64,-1.37,-0.02,11.15
2025-09-29,159943,1.437,1.468,1.47,1.433,175570,25508141.928,2.57,2.02,0.029,10.69
2025-09-30,159943,1.469,1.471,1.478,1.464,119113,17507197.884,0.95,0.2,0.003,7.25
2025-10-09,159943,1.471,1.492,1.5,1.471,110607,16435309.014,1.97,1.43,0.021,6.73
2025-10-10,159943,1.477,1.455,1.484,1.449,203431,29798396.7,2.35,-2.48,-0.037,12.39
2025-10-13,159943,1.424,1.445,1.446,1.411,192556,27482267.74,2.41,-0.69,-0.01,11.72
2025-10-14,159943,1.446,1.406,1.457,1.397,254722,36306784.7,4.15,-2.7,-0.039,15.51
2025-10-15,159943,1.403,1.428,1.428,1.393,136340,19256251.896,2.49,1.56,0.022,8.3
2025-10-16,159943,1.419,1.423,1.435,1.416,131549,18757383.888,1.33,-0.35,-0.005,8.01
2025-10-17,159943,1.421,1.384,1.423,1.381,230146,32140140.216,2.95,-2.74,-0.039,14.01
