Date,股票代码,Open,Close,High,Low,Volume,Amount,Amplitude,ChangePct,ChangeAmt,Turnover,Code
2021-06-01,603920,9.79,9.99,10.08,9.72,29016,47963454.0,3.68,2.04,0.2,0.71,603920
2021-06-02,603920,9.99,9.78,10.05,9.66,31168,50995831.0,3.9,-2.1,-0.21,0.77,603920
2021-06-03,603920,10.04,9.7,10.08,9.7,29030,47743130.0,3.89,-0.82,-0.08,0.71,603920
2021-06-04,603920,9.79,9.72,9.82,9.66,26326,42725923.0,1.65,0.21,0.02,0.65,603920
2021-06-07,603920,9.75,10.16,10.45,9.75,68369,114961417.0,7.2,4.53,0.44,1.68,603920
2021-06-08,603920,10.15,10.08,10.15,9.97,29306,48818132.0,1.77,-0.79,-0.08,0.72,603920
2021-06-09,603920,10.32,10.16,10.58,10.02,54631,92614650.0,5.56,0.79,0.08,1.34,603920
2021-06-10,603920,10.08,10.18,10.24,10.05,33810,56778267.0,1.87,0.2,0.02,0.83,603920
2021-06-11,603920,10.19,10.03,10.26,9.91,32070,53402684.0,3.44,-1.47,-0.15,0.79,603920
2021-06-15,603920,10.06,9.86,10.17,9.8,27053,44610537.0,3.69,-1.69,-0.17,0.66,603920
2021-06-16,603920,9.85,9.9,10.23,9.82,37581,62317685.0,4.16,0.41,0.04,0.92,603920
2021-06-17,603920,9.9,10.17,10.24,9.71,41169,50669476.0,5.35,2.73,0.27,0.78,603920
2021-06-18,603920,10.18,10.38,10.49,9.95,78990,98836182.0,5.31,2.06,0.21,1.49,603920
2021-06-21,603920,10.23,10.6,10.78,10.23,78457,101389781.0,5.3,2.12,0.22,1.48,603920
2021-06-22,603920,10.6,10.36,10.67,10.26,51005,64769713.0,3.87,-2.26,-0.24,0.96,603920
2021-06-23,603920,10.31,11.63,11.63,10.21,223051,304629616.0,13.71,12.26,1.27,4.22,603920
2021-06-24,603920,11.86,12.19,12.9,11.25,292395,412013120.0,14.19,4.82,0.56,5.53,603920
2021-06-25,603920,11.8,11.64,11.87,11.45,146401,204570312.0,3.45,-4.51,-0.55,2.77,603920
2021-06-28,603920,11.43,11.59,12.08,11.3,110084,153914544.0,6.7,-0.43,-0.05,2.08,603920
2021-06-29,603920,11.59,11.63,11.77,11.42,88920,123742024.0,3.02,0.35,0.04,1.68,603920
2021-06-30,603920,11.62,11.73,11.8,11.38,89398,124603392.0,3.61,0.86,0.1,1.69,603920
2021-07-01,603920,11.61,10.85,11.62,10.82,111470,150786263.0,6.82,-7.5,-0.88,2.11,603920
2021-07-02,603920,10.78,10.9,11.06,10.69,63408,83319252.0,3.41,0.46,0.05,1.2,603920
2021-07-05,603920,10.98,10.75,11.08,10.62,64049,83722112.0,4.22,-1.38,-0.15,1.21,603920
2021-07-06,603920,10.73,10.58,10.78,10.41,62581,80510490.0,3.44,-1.58,-0.17,1.18,603920
2021-07-07,603920,10.56,10.8,10.83,10.43,65158,84479832.0,3.78,2.08,0.22,1.23,603920
2021-07-08,603920,10.95,11.14,11.18,10.85,88711,118248913.0,3.06,3.15,0.34,1.68,603920
2021-07-09,603920,10.98,11.22,11.37,10.94,81144,109212394.0,3.86,0.72,0.08,1.53,603920
2021-07-12,603920,11.18,11.23,11.26,11.0,63902,85782437.0,2.32,0.09,0.01,1.21,603920
2021-07-13,603920,11.2,10.8,11.23,10.75,72621,95970085.0,4.27,-3.83,-0.43,1.37,603920
2021-07-14,603920,10.73,10.37,10.88,10.34,84172,107771653.0,5.0,-3.98,-0.43,1.59,603920
2021-07-15,603920,10.32,9.97,10.46,9.76,80054,98414935.0,6.75,-3.86,-0.4,1.51,603920
2021-07-16,603920,9.9,9.98,10.07,9.87,42629,52286645.0,2.01,0.1,0.01,0.81,603920
2021-07-19,603920,9.88,10.01,10.21,9.81,34310,42037932.0,4.01,0.3,0.03,0.65,603920
2021-07-20,603920,9.93,10.18,10.19,9.85,40191,49589985.0,3.4,1.7,0.17,0.76,603920
2021-07-21,603920,10.18,10.27,10.38,10.11,44590,56116408.0,2.65,0.88,0.09,0.84,603920
2021-07-22,603920,10.27,10.39,10.43,10.09,49110,61748680.0,3.31,1.17,0.12,0.93,603920
2021-07-23,603920,10.41,10.21,10.57,10.13,40696,51227059.0,4.23,-1.73,-0.18,0.77,603920
2021-07-26,603920,10.12,9.92,10.21,9.6,46792,57262700.0,5.97,-2.84,-0.29,0.88,603920
2021-07-27,603920,9.9,11.14,11.14,9.85,127608,170088384.0,13.0,12.3,1.22,2.41,603920
2021-07-28,603920,11.23,11.63,11.64,10.68,351864,480887312.0,8.62,4.4,0.49,6.65,603920
2021-07-29,603920,11.58,12.13,12.66,11.3,313255,449140032.0,11.69,4.3,0.5,5.92,603920
2021-07-30,603920,11.85,11.71,11.99,11.34,165437,231554216.0,5.36,-3.46,-0.42,3.13,603920
2021-08-02,603920,11.7,12.3,12.49,11.51,174816,248385391.0,8.37,5.04,0.59,3.3,603920
2021-08-03,603920,12.2,11.42,12.21,11.3,140096,196462699.0,7.4,-7.15,-0.88,2.65,603920
2021-08-04,603920,11.74,11.83,11.83,11.42,108192,151105625.0,3.59,3.59,0.41,2.04,603920
2021-08-05,603920,11.69,11.45,11.69,11.4,76378,105494696.0,2.45,-3.21,-0.38,1.44,603920
2021-08-06,603920,11.4,11.61,12.02,11.12,106663,148266156.0,7.86,1.4,0.16,2.02,603920
2021-08-09,603920,11.46,11.71,11.74,11.25,80805,111699517.0,4.22,0.86,0.1,1.53,603920
2021-08-10,603920,11.63,11.56,11.91,11.36,84883,118291325.0,4.7,-1.28,-0.15,1.6,603920
2021-08-11,603920,11.57,11.76,11.78,11.43,76595,106542931.0,3.03,1.73,0.2,1.45,603920
2021-08-12,603920,11.8,11.84,12.24,11.68,121137,172214375.0,4.76,0.68,0.08,2.29,603920
2021-08-13,603920,11.86,11.41,11.89,11.39,83291,115070715.0,4.22,-3.63,-0.43,1.57,603920
2021-08-16,603920,11.36,11.49,11.5,11.2,50801,69469435.0,2.63,0.7,0.08,0.96,603920
2021-08-17,603920,11.51,10.54,11.62,10.4,115741,152381192.0,10.62,-8.27,-0.95,2.19,603920
2021-08-18,603920,10.42,10.38,10.64,10.1,85500,107787735.0,5.12,-1.52,-0.16,1.62,603920
2021-08-19,603920,10.3,10.27,10.46,10.18,44014,55493331.0,2.7,-1.06,-0.11,0.83,603920
2021-08-20,603920,10.28,10.43,10.49,10.04,43876,55212290.0,4.38,1.56,0.16,0.83,603920
2021-08-23,603920,10.24,10.65,10.74,10.19,56801,73183089.0,5.27,2.11,0.22,1.07,603920
2021-08-24,603920,10.69,10.43,10.7,10.41,49056,62744181.0,2.72,-2.07,-0.22,0.93,603920
2021-08-25,603920,10.45,10.35,10.49,10.23,41790,52726233.0,2.49,-0.77,-0.08,0.79,603920
2021-08-26,603920,10.39,10.18,10.42,10.12,40466,50823223.0,2.9,-1.64,-0.17,0.76,603920
2021-08-27,603920,10.15,10.13,10.15,9.76,66347,80938377.0,3.83,-0.49,-0.05,1.25,603920
2021-08-30,603920,10.03,9.99,10.21,9.95,59201,73097109.0,2.57,-1.38,-0.14,1.12,603920
2021-08-31,603920,9.99,9.6,10.03,9.6,83012,99441445.0,4.3,-3.9,-0.39,1.57,603920
2021-09-01,603920,9.63,10.29,10.76,9.11,140339,169578888.0,17.19,7.19,0.69,2.65,603920
2021-09-02,603920,10.2,11.1,11.28,10.12,175343,230287456.0,11.27,7.87,0.81,3.31,603920
2021-09-03,603920,10.95,11.73,11.73,10.88,184434,253362240.0,7.66,5.68,0.63,3.49,603920
2021-09-06,603920,12.1,13.13,13.13,11.85,269335,400406368.0,10.91,11.94,1.4,5.09,603920
2021-09-07,603920,13.66,13.77,14.3,13.25,360366,577105344.0,8.0,4.87,0.64,6.81,603920
2021-09-08,603920,13.76,13.27,13.8,13.09,182827,286237920.0,5.16,-3.63,-0.5,3.45,603920
2021-09-09,603920,13.22,13.71,14.07,13.09,218499,345838864.0,7.39,3.32,0.44,4.13,603920
2021-09-10,603920,13.5,13.88,13.99,13.11,194937,309899888.0,6.42,1.24,0.17,3.68,603920
2021-09-13,603920,13.55,13.47,13.95,13.21,131217,206764750.0,5.33,-2.95,-0.41,2.48,603920
2021-09-14,603920,13.46,12.45,13.65,11.95,227216,339308160.0,12.62,-7.57,-1.02,4.29,603920
2021-09-15,603920,12.4,12.3,12.4,11.91,89162,128384027.0,3.94,-1.2,-0.15,1.68,603920
2021-09-16,603920,12.33,11.76,12.35,11.53,115960,164072430.0,6.67,-4.39,-0.54,2.19,603920
2021-09-17,603920,11.76,11.64,11.89,11.31,86245,119383311.0,4.93,-1.02,-0.12,1.63,603920
2021-09-22,603920,11.38,11.03,11.74,11.0,88309,119957179.0,6.36,-5.24,-0.61,1.67,603920
2021-09-23,603920,11.3,11.37,11.76,11.2,130863,180378039.0,5.08,3.08,0.34,2.47,603920
2021-09-24,603920,11.5,11.01,11.5,10.93,64328,86202441.0,5.01,-3.17,-0.36,1.22,603920
2021-09-27,603920,11.06,10.79,11.21,10.51,56324,73978579.0,6.36,-2.0,-0.22,1.06,603920
2021-09-28,603920,10.79,11.01,11.07,10.58,38339,50629465.0,4.54,2.04,0.22,0.72,603920
2021-09-29,603920,10.85,10.28,10.95,10.23,64414,82564037.0,6.54,-6.63,-0.73,1.22,603920
2021-09-30,603920,10.3,10.46,10.74,10.29,46150,59255415.0,4.38,1.75,0.18,0.87,603920
2021-10-08,603920,10.6,10.9,11.0,10.59,60509,79576343.0,3.92,4.21,0.44,1.14,603920
2021-10-11,603920,11.0,11.73,11.75,10.77,119615,164335183.0,8.99,7.61,0.83,2.26,603920
2021-10-12,603920,11.7,11.85,11.93,11.33,113822,158852785.0,5.12,1.02,0.12,2.15,603920
2021-10-13,603920,11.7,11.76,12.12,11.54,85574,121220106.0,4.89,-0.76,-0.09,1.62,603920
2021-10-14,603920,11.76,11.61,11.88,11.38,52441,72550013.0,4.25,-1.28,-0.15,0.99,603920
2021-10-15,603920,11.49,12.6,12.9,11.23,144698,212546405.0,14.38,8.53,0.99,2.73,603920
2021-10-18,603920,12.6,12.89,13.46,12.3,159512,241445162.0,9.21,2.3,0.29,3.01,603920
2021-10-19,603920,12.86,13.01,13.14,12.55,101886,155077558.0,4.58,0.93,0.12,1.93,603920
2021-10-20,603920,13.01,13.42,14.08,12.63,163432,256750761.0,11.15,3.15,0.41,3.09,603920
2021-10-21,603920,13.52,13.3,13.66,12.91,77967,121116470.0,5.59,-0.89,-0.12,1.47,603920
2021-10-22,603920,13.28,12.78,13.28,12.76,69630,105973452.0,3.91,-3.91,-0.52,1.32,603920
2021-10-25,603920,12.88,14.29,14.29,12.71,127322,203014544.0,12.36,11.82,1.51,2.41,603920
2021-10-26,603920,14.96,15.66,15.95,13.7,277233,489305632.0,15.75,9.59,1.37,5.24,603920
2021-10-27,603920,15.27,15.2,16.08,14.82,147620,260011400.0,8.05,-2.94,-0.46,2.79,603920
2021-10-28,603920,15.02,14.6,15.8,14.55,114929,199008792.0,8.22,-3.95,-0.6,2.17,603920
2021-10-29,603920,14.59,14.97,15.2,14.3,96262,164727308.0,6.16,2.53,0.37,1.82,603920
2021-11-01,603920,15.45,16.7,16.7,15.45,72216,135416234.0,8.35,11.56,1.73,1.36,603920
2021-11-02,603920,18.5,18.6,18.6,17.7,335629,694392592.0,5.39,11.38,1.9,6.34,603920
2021-11-03,603920,18.37,18.9,19.5,17.6,317447,662561952.0,10.22,1.61,0.3,6.0,603920
2021-11-04,603920,18.89,19.22,20.45,18.3,222782,480954112.0,11.38,1.69,0.32,4.21,603920
2021-11-05,603920,19.32,19.34,19.87,18.73,163784,355379344.0,5.93,0.62,0.12,3.09,603920
2021-11-08,603920,18.75,19.25,19.34,18.42,118664,250717951.0,4.76,-0.47,-0.09,2.24,603920
2021-11-09,603920,19.25,19.3,19.59,18.62,137868,295929424.0,5.04,0.26,0.05,2.6,603920
2021-11-10,603920,18.98,20.35,20.6,18.75,189448,417638704.0,9.59,5.44,1.05,3.58,603920
2021-11-11,603920,19.93,18.94,20.1,18.76,201817,436145248.0,6.58,-6.93,-1.41,3.81,603920
2021-11-12,603920,18.8,19.15,19.22,18.23,161483,341557104.0,5.23,1.11,0.21,3.05,603920
2021-11-15,603920,19.15,19.29,19.5,18.7,103769,222630140.0,4.18,0.73,0.14,1.96,603920
2021-11-16,603920,18.95,19.96,20.01,18.51,165625,358575936.0,7.78,3.47,0.67,3.13,603920
2021-11-17,603920,19.53,17.73,19.96,17.73,169420,345895168.0,11.17,-11.17,-2.23,3.2,603920
2021-11-18,603920,18.0,18.2,18.26,16.89,192269,389610720.0,7.73,2.65,0.47,3.63,603920
2021-11-19,603920,18.3,19.0,19.03,17.7,143060,295670096.0,7.31,4.4,0.8,2.7,603920
2021-11-22,603920,19.11,19.68,20.02,18.21,144014,310213104.0,9.53,3.58,0.68,2.72,603920
2021-11-23,603920,19.41,19.33,20.5,18.85,106565,232235195.0,8.38,-1.78,-0.35,2.01,603920
2021-11-24,603920,19.15,21.49,21.49,18.93,139606,318551456.0,13.24,11.17,2.16,2.64,603920
2021-11-25,603920,22.2,19.18,22.47,19.11,235943,527098272.0,15.64,-10.75,-2.31,4.46,603920
2021-11-26,603920,18.28,18.1,18.67,17.5,164421,333588240.0,6.1,-5.63,-1.08,3.11,603920
2021-11-29,603920,17.48,20.14,20.14,17.35,187747,399237792.0,15.41,11.27,2.04,3.55,603920
2021-11-30,603920,20.66,19.78,20.7,19.13,143182,317570736.0,7.8,-1.79,-0.36,2.7,603920
2021-12-01,603920,19.69,20.11,20.15,19.37,82457,182422070.0,3.94,1.67,0.33,1.56,603920
2021-12-02,603920,20.11,18.95,20.3,18.66,122002,263284562.0,8.16,-5.77,-1.16,2.3,603920
2021-12-03,603920,19.22,19.66,20.36,18.7,115267,251143582.0,8.76,3.75,0.71,2.18,603920
2021-12-06,603920,19.98,20.42,21.17,19.4,109259,247871055.0,9.0,3.87,0.76,2.06,603920
2021-12-07,603920,20.39,18.15,20.42,18.15,123812,259633281.0,11.12,-11.12,-2.27,2.34,603920
2021-12-08,603920,18.11,18.5,18.83,17.12,96417,197461057.0,9.42,1.93,0.35,1.82,603920
2021-12-09,603920,18.29,19.38,19.55,18.24,109049,233131309.0,7.08,4.76,0.88,2.06,603920
2021-12-10,603920,19.43,18.95,19.43,18.51,61799,130553391.0,4.75,-2.22,-0.43,1.17,603920
2021-12-13,603920,18.7,19.04,19.1,17.7,52683,110172380.0,7.39,0.47,0.09,1.0,603920
2021-12-14,603920,18.89,19.07,19.28,18.6,35308,74983459.0,3.57,0.16,0.03,0.67,603920
2021-12-15,603920,18.91,18.32,19.66,18.19,54357,114567787.0,7.71,-3.93,-0.75,1.03,603920
2021-12-16,603920,18.21,17.98,18.88,17.86,47914,97893090.0,5.57,-1.86,-0.34,0.9,603920
2021-12-17,603920,17.98,17.5,18.35,17.4,52503,105302943.0,5.28,-2.67,-0.48,0.99,603920
2021-12-20,603920,17.5,17.29,17.83,17.06,37135,73393476.0,4.4,-1.2,-0.21,0.7,603920
2021-12-21,603920,17.3,17.45,17.71,17.26,33189,65627816.0,2.6,0.93,0.16,0.63,603920
2021-12-22,603920,17.57,18.39,18.95,17.44,93970,193513762.0,8.65,5.39,0.94,1.77,603920
2021-12-23,603920,19.1,20.46,20.46,18.11,164872,368815600.0,12.78,11.26,2.07,3.1,603920
2021-12-24,603920,20.18,20.52,21.7,19.95,193266,448204688.0,8.55,0.29,0.06,3.63,603920
2021-12-27,603920,20.7,21.4,21.85,20.7,135272,320108160.0,5.6,4.29,0.88,2.54,603920
2021-12-28,603920,21.29,21.17,22.7,20.8,120177,286676064.0,8.88,-1.07,-0.23,2.26,603920
2021-12-29,603920,21.28,18.82,21.31,18.82,124735,271569184.0,11.76,-11.1,-2.35,2.34,603920
2021-12-30,603920,18.71,19.39,19.74,18.22,146054,312992768.0,8.08,3.03,0.57,2.74,603920
2021-12-31,603920,19.51,20.0,20.43,19.4,81154,180200696.0,5.31,3.15,0.61,1.52,603920
2022-01-04,603920,20.53,19.44,20.6,18.87,75145,164081778.0,8.65,-2.8,-0.56,1.41,603920
2022-01-05,603920,19.41,18.81,19.42,18.08,76614,160654450.0,6.89,-3.24,-0.63,1.44,603920
2022-01-06,603920,18.85,19.47,19.76,18.07,60480,128742895.0,8.98,3.51,0.66,1.14,603920
2022-01-07,603920,19.22,18.2,19.56,17.87,72486,151166362.0,8.68,-6.52,-1.27,1.36,603920
2022-01-10,603920,18.0,18.91,19.02,17.66,65524,136687869.0,7.47,3.9,0.71,1.23,603920
2022-01-11,603920,18.72,19.26,21.03,18.42,243479,548425552.0,13.8,1.85,0.35,4.58,603920
2022-01-12,603920,19.36,20.0,20.0,18.3,197772,421259376.0,8.83,3.84,0.74,3.72,603920
2022-01-13,603920,19.71,19.31,19.85,18.6,122946,262938172.0,6.25,-3.45,-0.69,2.31,603920
2022-01-14,603920,19.05,21.47,21.47,18.5,171404,396460640.0,15.38,11.19,2.16,3.22,603920
2022-01-17,603920,22.05,23.0,23.02,20.99,178104,436899808.0,9.46,7.13,1.53,3.35,603920
2022-01-18,603920,22.7,22.66,23.35,22.25,102601,256625868.0,4.78,-1.48,-0.34,1.93,603920
2022-01-19,603920,22.64,22.13,22.84,21.59,85888,210105075.0,5.52,-2.34,-0.53,1.61,603920
2022-01-20,603920,22.13,21.24,22.19,20.79,78688,185642295.0,6.33,-4.02,-0.89,1.48,603920
2022-01-21,603920,20.95,19.51,21.19,19.3,87222,194876713.0,8.9,-8.15,-1.73,1.64,603920
2022-01-24,603920,19.26,20.31,20.68,19.1,84670,188370523.0,8.1,4.1,0.8,1.59,603920
2022-01-25,603920,20.25,19.52,21.1,19.48,54722,123407176.0,7.98,-3.89,-0.79,1.03,603920
2022-01-26,603920,19.7,21.5,21.7,19.49,112863,264439117.0,11.32,10.14,1.98,2.12,603920
2022-01-27,603920,21.69,20.24,21.92,20.18,98294,227236415.0,8.09,-5.86,-1.26,1.85,603920
2022-01-28,603920,20.5,19.6,21.45,19.3,87636,197406897.0,10.62,-3.16,-0.64,1.65,603920
2022-02-07,603920,20.19,20.46,21.13,19.97,83282,189834215.0,5.92,4.39,0.86,1.56,603920
2022-02-08,603920,20.4,19.26,21.3,18.8,105785,234682942.0,12.22,-5.87,-1.2,1.99,603920
2022-02-09,603920,19.79,19.49,19.83,18.11,99736,213197822.0,8.93,1.19,0.23,1.87,603920
2022-02-10,603920,19.35,18.98,19.97,18.65,71372,153578019.0,6.77,-2.62,-0.51,1.34,603920
2022-02-11,603920,18.8,17.55,18.81,16.9,131671,261131229.0,10.06,-7.53,-1.43,2.47,603920
2022-02-14,603920,17.14,18.04,18.4,16.5,114411,230783012.0,10.83,2.79,0.49,2.15,603920
2022-02-15,603920,18.04,19.5,19.76,18.0,121028,259480607.0,9.76,8.09,1.46,2.27,603920
2022-02-16,603920,19.46,18.96,19.7,18.81,48360,103873356.0,4.56,-2.77,-0.54,0.91,603920
2022-02-17,603920,18.96,18.0,19.14,17.89,90158,186561571.0,6.59,-5.06,-0.96,1.69,603920
2022-02-18,603920,17.7,18.19,18.4,17.56,53687,109748948.0,4.67,1.06,0.19,1.01,603920
2022-02-21,603920,18.11,17.8,18.84,17.58,58607,118694062.0,6.93,-2.14,-0.39,1.1,603920
2022-02-22,603920,17.58,17.28,17.71,17.11,68790,134949222.0,3.37,-2.92,-0.52,1.29,603920
2022-02-23,603920,17.28,17.85,18.3,17.28,85903,174014558.0,5.9,3.3,0.57,1.61,603920
2022-02-24,603920,17.73,17.13,17.94,16.7,77371,152151140.0,6.95,-4.03,-0.72,1.45,603920
2022-02-25,603920,17.4,17.94,18.83,17.37,128842,263270750.0,8.52,4.73,0.81,2.42,603920
2022-02-28,603920,17.85,17.95,18.03,17.47,56844,113867964.0,3.12,0.06,0.01,1.07,603920
2022-03-01,603920,18.04,18.38,18.46,17.83,72483,148362215.0,3.51,2.4,0.43,1.36,603920
2022-03-02,603920,18.35,17.52,18.35,17.2,85137,168947624.0,6.26,-4.68,-0.86,1.6,603920
2022-03-03,603920,17.58,16.07,17.71,15.74,162516,304612224.0,11.24,-8.28,-1.45,3.05,603920
2022-03-04,603920,15.64,15.67,15.95,15.4,94487,169817142.0,3.42,-2.49,-0.4,1.78,603920
2022-03-07,603920,15.67,14.79,15.67,14.6,89434,153444132.0,6.83,-5.62,-0.88,1.68,603920
2022-03-08,603920,14.97,14.23,15.06,14.1,74767,125310091.0,6.49,-3.79,-0.56,1.4,603920
2022-03-09,603920,14.38,14.5,14.7,13.93,86774,144694728.0,5.41,1.9,0.27,1.63,603920
2022-03-10,603920,15.0,14.51,15.18,14.27,91941,155878632.0,6.28,0.07,0.01,1.73,603920
2022-03-11,603920,14.2,14.52,14.67,13.88,64023,105617206.0,5.44,0.07,0.01,1.2,603920
2022-03-14,603920,14.27,14.12,14.57,14.0,50724,84350126.0,3.93,-2.75,-0.4,0.95,603920
2022-03-15,603920,14.04,13.41,14.25,13.41,62919,101194723.0,5.95,-5.03,-0.71,1.18,603920
2022-03-16,603920,13.56,13.99,14.11,12.98,71059,112946253.0,8.43,4.33,0.58,1.34,603920
2022-03-17,603920,14.18,14.61,14.82,14.18,67093,113481702.0,4.57,4.43,0.62,1.26,603920
2022-03-18,603920,14.64,14.5,14.76,14.25,45803,76903753.0,3.49,-0.75,-0.11,0.86,603920
2022-03-21,603920,14.55,14.68,15.21,14.41,41872,71687892.0,5.52,1.24,0.18,0.79,603920
2022-03-22,603920,14.63,14.47,14.74,14.36,30232,50661270.0,2.59,-1.43,-0.21,0.57,603920
2022-03-23,603920,14.53,15.3,15.74,14.35,72622,126540537.0,9.61,5.74,0.83,1.36,603920
2022-03-24,603920,15.5,14.92,15.85,14.83,72765,128447759.0,6.67,-2.48,-0.38,1.37,603920
2022-03-25,603920,14.96,14.02,15.1,13.94,64344,107098480.0,7.77,-6.03,-0.9,1.21,603920
2022-03-28,603920,14.08,14.71,15.13,14.03,98222,166446684.0,7.85,4.92,0.69,1.85,603920
2022-03-29,603920,14.75,14.32,14.82,14.2,54024,90246947.0,4.21,-2.65,-0.39,1.02,603920
2022-03-30,603920,14.39,15.3,15.33,14.2,66405,114278310.0,7.89,6.84,0.98,1.25,603920
2022-03-31,603920,15.19,14.58,15.22,14.5,48388,82381033.0,4.71,-4.71,-0.72,0.91,603920
2022-04-01,603920,14.55,14.53,14.8,14.16,29381,49375192.0,4.39,-0.34,-0.05,0.55,603920
2022-04-06,603920,14.53,14.3,14.57,13.98,34645,57264080.0,4.06,-1.58,-0.23,0.65,603920
2022-04-07,603920,14.27,13.49,14.27,13.45,44922,71850466.0,5.73,-5.66,-0.81,0.84,603920
2022-04-08,603920,13.53,13.32,13.75,13.23,39778,62573061.0,3.85,-1.26,-0.17,0.75,603920
2022-04-11,603920,13.35,12.38,13.38,12.11,60400,89479444.0,9.53,-7.06,-0.94,1.13,603920
2022-04-12,603920,12.43,12.28,12.47,11.81,58615,84449215.0,5.33,-0.81,-0.1,1.1,603920
2022-04-13,603920,12.11,11.56,12.3,11.55,47594,66579204.0,6.11,-5.86,-0.72,0.89,603920
2022-04-14,603920,11.68,12.03,12.07,11.68,34109,48470333.0,3.37,4.07,0.47,0.64,603920
2022-04-15,603920,12.06,12.5,12.55,11.42,57615,82913940.0,9.39,3.91,0.47,1.08,603920
2022-04-18,603920,12.6,12.99,13.18,11.62,79120,117435332.0,12.48,3.92,0.49,1.49,603920
2022-04-19,603920,12.73,12.74,13.2,12.54,54034,81752229.0,5.08,-1.92,-0.25,1.02,603920
2022-04-20,603920,12.73,12.77,12.95,12.49,32860,49467089.0,3.61,0.24,0.03,0.62,603920
2022-04-21,603920,12.72,12.25,13.14,12.15,39068,58294278.0,7.75,-4.07,-0.52,0.73,603920
2022-04-22,603920,12.27,12.0,12.42,11.87,30856,44392391.0,4.49,-2.04,-0.25,0.58,603920
2022-04-25,603920,11.4,10.7,11.8,10.65,57491,77561101.0,9.58,-10.83,-1.3,1.08,603920
2022-04-26,603920,10.71,9.81,10.88,9.72,68706,86027418.0,10.84,-8.32,-0.89,1.29,603920
2022-04-27,603920,9.65,10.31,10.58,9.47,87991,109430569.0,11.31,5.1,0.5,1.65,603920
2022-04-28,603920,10.53,10.05,10.53,9.74,65066,80305472.0,7.66,-2.52,-0.26,1.22,603920
2022-04-29,603920,10.2,11.03,11.21,10.18,64318,84294710.0,10.25,9.75,0.98,1.21,603920
2022-05-05,603920,11.17,12.36,12.36,10.98,96633,135916353.0,12.51,12.06,1.33,1.82,603920
2022-05-06,603920,11.7,12.12,13.0,11.7,89401,130798956.0,10.52,-1.94,-0.24,1.68,603920
2022-05-09,603920,12.12,12.09,12.29,11.7,47054,67296254.0,4.87,-0.25,-0.03,0.88,603920
2022-05-10,603920,11.77,12.41,12.49,11.77,71254,103948905.0,5.96,2.65,0.32,1.34,603920
2022-05-11,603920,12.5,13.88,13.88,12.5,76567,121308877.0,11.12,11.85,1.47,1.44,603920
2022-05-12,603920,13.73,13.61,14.54,13.45,124428,201104601.0,7.85,-1.95,-0.27,2.34,603920
2022-05-13,603920,13.64,14.84,15.02,13.34,174172,289996096.0,12.34,9.04,1.23,3.27,603920
2022-05-16,603920,14.84,14.86,15.42,14.61,90299,156120753.0,5.46,0.13,0.02,1.7,603920
2022-05-17,603920,14.88,14.95,15.3,14.46,79342,136927571.0,5.65,0.61,0.09,1.49,603920
2022-05-18,603920,15.2,15.2,15.36,14.91,69009,120469060.0,3.01,1.67,0.25,1.3,603920
2022-05-19,603920,14.7,14.84,15.04,14.43,83656,142290459.0,4.01,-2.37,-0.36,1.57,603920
2022-05-20,603920,14.83,14.81,15.18,14.59,56674,96818024.0,3.98,-0.2,-0.03,1.06,603920
2022-05-23,603920,15.08,15.04,15.13,14.62,39491,67991232.0,3.44,1.55,0.23,0.74,603920
2022-05-24,603920,15.04,14.08,15.49,14.04,66379,112918327.0,9.64,-6.38,-0.96,1.25,603920
2022-05-25,603920,14.09,14.25,14.69,13.95,35209,58229132.0,5.26,1.21,0.17,0.66,603920
2022-05-26,603920,14.25,14.45,14.61,13.85,47832,79477902.0,5.33,1.4,0.2,0.9,603920
2022-05-27,603920,14.5,14.12,14.57,13.77,48929,80208708.0,5.54,-2.28,-0.33,0.92,603920
2022-05-30,603920,13.84,14.02,14.35,13.36,57334,92930328.0,7.01,-0.71,-0.1,1.08,603920
2022-05-31,603920,13.93,14.45,14.65,13.81,48653,80969759.0,5.99,3.07,0.43,0.91,603920
2022-06-01,603920,14.51,13.91,14.59,13.7,48666,79547901.0,6.16,-3.74,-0.54,0.91,603920
2022-06-02,603920,13.83,14.54,14.65,13.71,71872,119032253.0,6.76,4.53,0.63,1.35,603920
2022-06-06,603920,14.48,15.02,15.5,14.36,70155,121608647.0,7.84,3.3,0.48,1.32,603920
2022-06-07,603920,14.88,14.63,15.0,14.17,55023,92239496.0,5.53,-2.6,-0.39,1.03,603920
2022-06-08,603920,14.48,14.27,14.49,13.85,40712,67138597.0,4.37,-2.46,-0.36,0.77,603920
2022-06-09,603920,14.25,13.8,14.25,13.59,27614,44550136.0,4.63,-3.29,-0.47,0.52,603920
2022-06-10,603920,13.82,14.18,14.39,13.62,54415,89503583.0,5.58,2.75,0.38,1.02,603920
2022-06-13,603920,14.18,14.95,15.5,13.88,103518,178718460.0,11.42,5.43,0.77,1.95,603920
2022-06-14,603920,14.68,14.48,14.76,13.72,90233,148954909.0,6.96,-3.14,-0.47,1.7,603920
2022-06-15,603920,14.59,13.98,15.08,13.8,80011,133644720.0,8.84,-3.45,-0.5,1.5,603920
2022-06-16,603920,13.98,14.52,14.79,13.9,79928,133961033.0,6.37,3.86,0.54,1.5,603920
2022-06-17,603920,14.46,14.38,14.54,13.68,101039,165948912.0,5.92,-0.96,-0.14,1.9,603920
2022-06-20,603920,14.63,14.65,14.85,14.28,77571,131101828.0,3.96,1.88,0.27,1.46,603920
2022-06-21,603920,15.17,15.52,16.29,14.97,194009,334551712.0,9.01,5.94,0.87,3.65,603920
2022-06-22,603920,15.48,14.52,15.5,14.45,108478,180253575.0,6.77,-6.44,-1.0,2.04,603920
2022-06-23,603920,14.38,16.14,16.14,14.38,120108,210114030.0,12.12,11.16,1.62,2.26,603920
2022-06-24,603920,17.3,16.73,17.3,16.1,261197,480227776.0,7.43,3.66,0.59,4.91,603920
2022-06-27,603920,16.66,15.85,16.71,15.75,293168,521578960.0,5.74,-5.26,-0.88,5.51,603920
2022-06-28,603920,15.68,17.14,17.28,15.51,215923,394851568.0,11.17,8.14,1.29,4.06,603920
2022-06-29,603920,16.71,15.93,17.39,15.84,169737,307039104.0,9.04,-7.06,-1.21,3.19,603920
2022-06-30,603920,15.84,15.6,16.05,15.45,107699,187745612.0,3.77,-2.07,-0.33,2.02,603920
2022-07-01,603920,15.58,15.48,15.76,15.18,87861,150828935.0,3.72,-0.77,-0.12,1.65,603920
2022-07-04,603920,15.34,14.29,15.48,14.07,181830,292654176.0,9.11,-7.69,-1.19,3.42,603920
2022-07-05,603920,14.24,14.0,14.7,13.89,105065,166440139.0,5.67,-2.03,-0.29,1.97,603920
2022-07-06,603920,13.91,13.8,14.19,13.52,102000,159282742.0,4.79,-1.43,-0.2,1.92,603920
2022-07-07,603920,13.9,14.13,14.15,13.45,80877,126046079.0,5.07,2.39,0.33,1.52,603920
2022-07-08,603920,14.08,14.27,14.6,13.86,87725,139968093.0,5.24,0.99,0.14,1.65,603920
2022-07-11,603920,14.0,13.6,14.1,13.45,69604,106989646.0,4.56,-4.7,-0.67,1.31,603920
2022-07-12,603920,13.6,13.15,13.65,13.13,57638,86631421.0,3.82,-3.31,-0.45,1.08,603920
2022-07-13,603920,13.2,13.29,13.38,13.05,32286,48161570.0,2.51,1.06,0.14,0.61,603920
2022-07-14,603920,13.78,14.14,14.46,13.6,142210,224785692.0,6.47,6.4,0.85,2.67,603920
2022-07-15,603920,13.94,14.32,14.5,13.78,103470,165321898.0,5.09,1.27,0.18,1.94,603920
2022-07-18,603920,14.31,14.49,14.49,14.06,108904,174249699.0,3.0,1.19,0.17,2.05,603920
2022-07-19,603920,14.89,14.94,15.2,14.33,179921,298306680.0,6.0,3.11,0.45,3.38,603920
2022-07-20,603920,14.95,14.69,15.16,14.59,110801,182514245.0,3.82,-1.67,-0.25,2.08,603920
2022-07-21,603920,14.78,15.2,15.48,14.61,147666,249830548.0,5.92,3.47,0.51,2.77,603920
2022-07-22,603920,15.15,14.84,15.33,14.62,96925,160893580.0,4.67,-2.37,-0.36,1.82,603920
2022-07-25,603920,14.7,14.38,15.03,14.27,68827,111820367.0,5.12,-3.1,-0.46,1.29,603920
2022-07-26,603920,14.41,14.16,14.42,13.6,94515,147634055.0,5.7,-1.53,-0.22,1.78,603920
2022-07-27,603920,14.35,14.76,14.78,13.92,84066,135759837.0,6.07,4.24,0.6,1.58,603920
2022-07-28,603920,14.81,15.57,16.29,14.81,199160,347627342.0,10.03,5.49,0.81,3.74,603920
2022-07-29,603920,15.9,15.83,16.15,15.38,143920,250458638.0,4.95,1.67,0.26,2.7,603920
2022-08-01,603920,15.92,16.85,17.07,15.57,210177,383454744.0,9.48,6.44,1.02,3.95,603920
2022-08-02,603920,16.48,16.41,16.79,15.97,187687,339246928.0,4.87,-2.61,-0.44,3.53,603920
2022-08-03,603920,16.41,16.02,16.79,15.9,158594,286050985.0,5.42,-2.38,-0.39,2.98,603920
2022-08-04,603920,16.14,16.01,16.26,15.7,108279,191120864.0,3.5,-0.06,-0.01,2.03,603920
2022-08-05,603920,15.91,16.18,16.3,15.57,169854,299670581.0,4.56,1.06,0.17,3.19,603920
2022-08-08,603920,16.2,16.23,16.56,15.65,139791,249062060.0,5.62,0.31,0.05,2.63,603920
2022-08-09,603920,16.1,15.82,16.17,15.61,119295,208710305.0,3.45,-2.53,-0.41,2.24,603920
2022-08-10,603920,15.72,15.59,15.93,15.53,80168,139493330.0,2.53,-1.45,-0.23,1.51,603920
2022-08-11,603920,15.65,16.68,16.88,15.65,214328,385935900.0,7.89,6.99,1.09,4.03,603920
2022-08-12,603920,16.62,16.1,16.69,16.03,176344,317915066.0,3.96,-3.48,-0.58,3.31,603920
2022-08-15,603920,15.8,16.81,16.95,15.8,203414,372938459.0,7.14,4.41,0.71,3.82,603920
2022-08-16,603920,16.8,16.39,16.8,16.15,154102,278295607.0,3.87,-2.5,-0.42,2.9,603920
2022-08-17,603920,16.63,16.6,16.89,16.08,178954,327526077.0,4.94,1.28,0.21,3.36,603920
2022-08-18,603920,16.56,16.46,16.79,16.35,101339,184788108.0,2.65,-0.84,-0.14,1.9,603920
2022-08-19,603920,16.48,16.21,16.98,16.19,149256,273128076.0,4.8,-1.52,-0.25,2.8,603920
2022-08-22,603920,16.08,16.33,16.46,15.95,71630,128667255.0,3.15,0.74,0.12,1.35,603920
2022-08-23,603920,16.31,16.42,16.89,16.1,94314,171917081.0,4.84,0.55,0.09,1.77,603920
2022-08-24,603920,16.42,15.0,16.47,14.9,149687,257235408.0,9.56,-8.65,-1.42,2.81,603920
2022-08-25,603920,15.09,15.23,15.33,14.9,73396,123607352.0,2.87,1.53,0.23,1.38,603920
2022-08-26,603920,15.39,16.44,16.92,15.3,313182,573648577.0,10.64,7.94,1.21,5.88,603920
2022-08-29,603920,16.33,16.02,16.7,15.88,230412,412980758.0,4.99,-2.55,-0.42,4.33,603920
2022-08-30,603920,16.05,16.41,16.87,15.95,163223,297431651.0,5.74,2.43,0.39,3.07,603920
2022-08-31,603920,16.39,14.89,16.39,14.69,169191,286649831.0,10.36,-9.26,-1.52,3.18,603920
2022-09-01,603920,14.97,15.04,15.71,14.9,125600,213237733.0,5.44,1.01,0.15,2.36,603920
2022-09-02,603920,14.95,15.15,15.5,14.81,72870,122982418.0,4.59,0.73,0.11,1.37,603920
2022-09-05,603920,15.15,14.78,15.19,14.15,138032,223914380.0,6.86,-2.44,-0.37,2.59,603920
2022-09-06,603920,14.7,14.96,15.09,14.61,68038,112702848.0,3.25,1.22,0.18,1.28,603920
2022-09-07,603920,14.84,15.21,15.44,14.72,64127,108462920.0,4.81,1.67,0.25,1.2,603920
2022-09-08,603920,15.21,14.54,15.27,14.46,92395,151485088.0,5.33,-4.4,-0.67,1.74,603920
2022-09-09,603920,14.51,14.43,14.55,14.05,83446,133028633.0,3.44,-0.76,-0.11,1.57,603920
2022-09-13,603920,14.55,14.29,14.84,14.17,75352,121201558.0,4.64,-0.97,-0.14,1.42,603920
2022-09-14,603920,14.03,13.85,14.24,13.79,58932,92030122.0,3.15,-3.08,-0.44,1.11,603920
2022-09-15,603920,13.93,13.18,14.02,13.06,80110,120995429.0,6.93,-4.84,-0.67,1.51,603920
2022-09-16,603920,13.08,12.73,13.3,12.62,71627,104460069.0,5.16,-3.41,-0.45,1.35,603920
2022-09-19,603920,12.73,12.5,12.92,12.32,69474,98831282.0,4.71,-1.81,-0.23,1.31,603920
2022-09-20,603920,12.66,12.81,12.92,12.51,55988,80943755.0,3.28,2.48,0.31,1.05,603920
2022-09-21,603920,12.74,12.8,12.98,12.4,64353,93019039.0,4.53,-0.08,-0.01,1.21,603920
2022-09-22,603920,12.64,12.63,12.98,12.6,48367,69846867.0,2.97,-1.33,-0.17,0.91,603920
2022-09-23,603920,12.77,12.31,12.9,12.15,59569,84141323.0,5.94,-2.53,-0.32,1.12,603920
2022-09-26,603920,12.07,12.06,12.36,11.86,59319,81991826.0,4.06,-2.03,-0.25,1.11,603920
2022-09-27,603920,12.06,12.37,12.38,11.9,42444,59202856.0,3.98,2.57,0.31,0.8,603920
2022-09-28,603920,12.37,11.91,12.51,11.9,43481,59990429.0,4.93,-3.72,-0.46,0.82,603920
2022-09-29,603920,12.0,12.16,12.3,11.96,47179,65406779.0,2.85,2.1,0.25,0.89,603920
2022-09-30,603920,12.1,11.71,12.15,11.71,45258,61333294.0,3.62,-3.7,-0.45,0.85,603920
2022-10-10,603920,11.73,11.3,11.8,11.24,43457,57229674.0,4.78,-3.5,-0.41,0.82,603920
2022-10-11,603920,11.35,11.37,11.52,11.2,31568,41222884.0,2.83,0.62,0.07,0.59,603920
2022-10-12,603920,11.5,12.02,12.04,11.31,55400,74069832.0,6.42,5.72,0.65,1.04,603920
2022-10-13,603920,12.0,12.38,12.8,11.88,83483,118423689.0,7.65,3.0,0.36,1.57,603920
2022-10-14,603920,12.49,12.71,12.77,12.42,59258,84818179.0,2.83,2.67,0.33,1.11,603920
2022-10-17,603920,12.9,13.71,13.82,12.9,102586,155516923.0,7.24,7.87,1.0,1.93,603920
2022-10-18,603920,13.71,14.03,14.12,13.55,98994,154277667.0,4.16,2.33,0.32,1.86,603920
2022-10-19,603920,15.6,14.8,15.6,14.03,399355,657699771.0,11.19,5.49,0.77,7.5,603920
2022-10-20,603920,14.49,13.75,14.49,13.41,206327,319775121.0,7.3,-7.09,-1.05,3.88,603920
2022-10-21,603920,13.7,13.85,14.35,13.6,142776,223937909.0,5.45,0.73,0.1,2.68,603920
2022-10-24,603920,13.97,13.74,14.09,13.6,99786,155585486.0,3.54,-0.79,-0.11,1.88,603920
2022-10-25,603920,13.68,14.63,14.75,13.58,157249,253151068.0,8.52,6.48,0.89,2.95,603920
2022-10-26,603920,14.61,15.31,15.38,14.35,142954,239350339.0,7.04,4.65,0.68,2.69,603920
2022-10-27,603920,15.38,15.28,15.56,15.18,104448,177863710.0,2.48,-0.2,-0.03,1.96,603920
2022-10-28,603920,15.17,14.54,15.42,14.4,97344,161192969.0,6.68,-4.84,-0.74,1.83,603920
2022-10-31,603920,14.52,15.03,15.25,14.2,102162,170075260.0,7.22,3.37,0.49,1.92,603920
2022-11-01,603920,15.08,15.03,15.28,14.82,71653,119626916.0,3.06,0.0,0.0,1.35,603920
2022-11-02,603920,15.03,15.39,15.62,14.94,99412,168938390.0,4.52,2.4,0.36,1.87,603920
2022-11-03,603920,15.25,15.45,15.59,15.24,49155,84226225.0,2.27,0.39,0.06,0.92,603920
2022-11-04,603920,15.5,15.58,15.68,15.18,75399,129463703.0,3.24,0.84,0.13,1.42,603920
2022-11-07,603920,15.57,15.45,15.62,15.24,59361,101836098.0,2.44,-0.83,-0.13,1.12,603920
2022-11-08,603920,15.45,15.2,15.56,15.0,50947,85860760.0,3.62,-1.62,-0.25,0.96,603920
2022-11-09,603920,15.38,15.22,15.75,15.2,55074,94186392.0,3.62,0.13,0.02,1.03,603920
2022-11-10,603920,15.17,14.9,15.24,14.68,66612,110650964.0,3.68,-2.1,-0.32,1.25,603920
2022-11-11,603920,15.18,14.86,15.39,14.85,51619,86598696.0,3.62,-0.27,-0.04,0.97,603920
2022-11-14,603920,15.04,14.52,15.04,14.41,68500,111776117.0,4.24,-2.29,-0.34,1.29,603920
2022-11-15,603920,14.58,15.03,15.07,14.31,61573,101940825.0,5.23,3.51,0.51,1.16,603920
2022-11-16,603920,15.02,14.74,15.05,14.67,47376,78233854.0,2.53,-1.93,-0.29,0.89,603920
2022-11-17,603920,14.64,14.91,14.93,14.46,39360,64430420.0,3.19,1.15,0.17,0.74,603920
2022-11-18,603920,14.98,14.57,15.15,14.51,47661,78475840.0,4.29,-2.28,-0.34,0.9,603920
2022-11-21,603920,14.42,14.83,14.94,14.4,69244,113410458.0,3.71,1.78,0.26,1.3,603920
2022-11-22,603920,14.82,14.39,14.87,14.35,46538,75720702.0,3.51,-2.97,-0.44,0.87,603920
2022-11-23,603920,14.51,14.38,14.51,13.97,45834,73246468.0,3.75,-0.07,-0.01,0.86,603920
2022-11-24,603920,14.38,14.35,14.66,14.27,37012,59683300.0,2.71,-0.21,-0.03,0.7,603920
2022-11-25,603920,14.43,14.07,14.44,14.05,33745,53693192.0,2.72,-1.95,-0.28,0.63,603920
2022-11-28,603920,14.08,13.79,14.08,13.68,64287,99632305.0,2.84,-1.99,-0.28,1.21,603920
2022-11-29,603920,14.0,14.07,14.19,13.67,44661,69909967.0,3.77,2.03,0.28,0.84,603920
2022-11-30,603920,14.12,14.0,14.19,13.81,34809,54586401.0,2.7,-0.5,-0.07,0.65,603920
2022-12-01,603920,14.1,14.0,14.47,13.98,54614,87016106.0,3.5,0.0,0.0,1.03,603920
2022-12-02,603920,13.92,13.97,14.19,13.9,40076,62976474.0,2.07,-0.21,-0.03,0.75,603920
2022-12-05,603920,13.99,13.83,14.18,13.7,54850,85224988.0,3.44,-1.0,-0.14,1.03,603920
2022-12-06,603920,13.78,13.65,13.88,13.48,51602,79278256.0,2.89,-1.3,-0.18,0.97,603920
2022-12-07,603920,13.52,13.45,13.74,13.39,57721,87896407.0,2.56,-1.47,-0.2,1.08,603920
2022-12-08,603920,13.55,13.3,13.61,13.28,42739,64491757.0,2.45,-1.12,-0.15,0.8,603920
2022-12-09,603920,13.3,13.46,13.54,13.15,48487,73239984.0,2.93,1.2,0.16,0.91,603920
2022-12-12,603920,13.46,13.63,13.73,13.36,51101,78125655.0,2.75,1.26,0.17,0.96,603920
2022-12-13,603920,13.6,13.35,13.67,13.3,39128,59119231.0,2.71,-2.05,-0.28,0.74,603920
2022-12-14,603920,13.46,13.24,13.71,13.18,43735,66191770.0,3.97,-0.82,-0.11,0.82,603920
2022-12-15,603920,13.24,13.45,13.59,13.1,48300,73042851.0,3.7,1.59,0.21,0.91,603920
2022-12-16,603920,13.45,13.14,13.48,13.1,35395,52781307.0,2.83,-2.3,-0.31,0.67,603920
2022-12-19,603920,13.1,13.05,13.28,12.98,37000,54792345.0,2.28,-0.68,-0.09,0.7,603920
2022-12-20,603920,12.96,13.1,13.23,12.93,25181,37235341.0,2.3,0.38,0.05,0.47,603920
2022-12-21,603920,13.08,12.72,13.14,12.63,45450,65979901.0,3.89,-2.9,-0.38,0.85,603920
2022-12-22,603920,12.72,12.49,12.83,12.46,27226,39097854.0,2.91,-1.81,-0.23,0.51,603920
2022-12-23,603920,12.56,12.29,12.56,12.22,30105,42216761.0,2.72,-1.6,-0.2,0.57,603920
2022-12-26,603920,12.38,12.99,13.02,12.3,46550,67579144.0,5.86,5.7,0.7,0.87,603920
2022-12-27,603920,13.06,13.08,13.17,12.81,27257,40041662.0,2.77,0.69,0.09,0.51,603920
2022-12-28,603920,13.01,12.92,13.13,12.88,25043,36755051.0,1.91,-1.22,-0.16,0.47,603920
2022-12-29,603920,12.99,12.83,13.08,12.8,29159,42509372.0,2.17,-0.7,-0.09,0.55,603920
2022-12-30,603920,12.89,12.68,12.93,12.49,50312,72304607.0,3.43,-1.17,-0.15,0.95,603920
2023-01-03,603920,12.65,13.08,13.19,12.55,60423,88079790.0,5.05,3.15,0.4,1.14,603920
2023-01-04,603920,13.0,12.89,13.18,12.7,53674,78457947.0,3.67,-1.45,-0.19,1.01,603920
2023-01-05,603920,12.9,13.0,13.11,12.77,46801,68577054.0,2.64,0.85,0.11,0.88,603920
2023-01-06,603920,12.94,13.15,13.48,12.94,47755,71137869.0,4.15,1.15,0.15,0.9,603920
2023-01-09,603920,13.31,13.23,13.51,13.14,56768,85374173.0,2.81,0.61,0.08,1.07,603920
2023-01-10,603920,13.18,13.31,13.39,13.14,40793,61030244.0,1.89,0.6,0.08,0.77,603920
2023-01-11,603920,13.31,13.27,13.64,13.22,65192,98602933.0,3.16,-0.3,-0.04,1.23,603920
2023-01-12,603920,13.36,13.43,13.55,13.2,43566,65807375.0,2.64,1.21,0.16,0.82,603920
2023-01-13,603920,13.44,13.42,13.51,13.32,36692,55454509.0,1.41,-0.07,-0.01,0.69,603920
2023-01-16,603920,13.33,13.58,13.6,13.33,39256,59718167.0,2.01,1.19,0.16,0.74,603920
2023-01-17,603920,13.68,13.68,13.77,13.55,62028,95424219.0,1.62,0.74,0.1,1.17,603920
2023-01-18,603920,13.77,13.69,13.81,13.65,39830,61448566.0,1.17,0.07,0.01,0.75,603920
2023-01-19,603920,13.76,13.84,13.87,13.69,34519,53445927.0,1.31,1.1,0.15,0.65,603920
2023-01-20,603920,13.88,14.02,14.14,13.8,83696,131271631.0,2.46,1.3,0.18,1.57,603920
2023-01-30,603920,14.21,14.41,14.72,14.21,125719,203855574.0,3.64,2.78,0.39,2.36,603920
2023-01-31,603920,14.55,14.44,14.74,14.36,67627,109750426.0,2.64,0.21,0.03,1.27,603920
2023-02-01,603920,14.5,14.64,14.7,14.43,94474,153712392.0,1.87,1.39,0.2,1.78,603920
2023-02-02,603920,14.72,14.77,14.86,14.62,64476,106027980.0,1.64,0.89,0.13,1.21,603920
2023-02-03,603920,14.77,14.71,14.83,14.48,55868,91414441.0,2.37,-0.41,-0.06,1.05,603920
2023-02-06,603920,14.71,14.79,14.96,14.65,73476,121416931.0,2.11,0.54,0.08,1.38,603920
2023-02-07,603920,14.68,15.22,15.32,14.68,85786,144042226.0,4.33,2.91,0.43,1.61,603920
2023-02-08,603920,15.15,15.7,16.29,14.95,154348,266334506.0,8.8,3.15,0.48,2.9,603920
2023-02-09,603920,15.51,15.69,15.78,15.08,144595,248945688.0,4.46,-0.06,-0.01,2.72,603920
2023-02-10,603920,15.69,15.7,15.99,15.5,110747,193032184.0,3.12,0.06,0.01,2.08,603920
2023-02-13,603920,15.71,15.91,16.05,15.5,105246,183974147.0,3.5,1.34,0.21,1.98,603920
2023-02-14,603920,15.82,15.78,16.02,15.69,68376,119767217.0,2.07,-0.82,-0.13,1.28,603920
2023-02-15,603920,15.77,15.98,16.04,15.7,74305,130909328.0,2.15,1.27,0.2,1.4,603920
2023-02-16,603920,15.84,15.3,15.98,15.2,94263,163233585.0,4.88,-4.26,-0.68,1.77,603920
2023-02-17,603920,15.38,15.13,15.63,15.1,82863,140791290.0,3.46,-1.11,-0.17,1.56,603920
2023-02-20,603920,15.13,15.35,15.4,14.96,58285,98464089.0,2.91,1.45,0.22,1.1,603920
2023-02-21,603920,15.45,15.47,15.68,15.23,56751,97090164.0,2.93,0.78,0.12,1.07,603920
2023-02-22,603920,15.33,15.57,15.73,15.31,58590,101079334.0,2.71,0.65,0.1,1.1,603920
2023-02-23,603920,15.64,15.55,15.64,15.34,46411,79733463.0,1.93,-0.13,-0.02,0.87,603920
2023-02-24,603920,15.48,15.45,15.55,15.1,48646,83092921.0,2.89,-0.64,-0.1,0.91,603920
2023-02-27,603920,15.3,15.33,15.69,15.22,61747,105570674.0,3.04,-0.78,-0.12,1.16,603920
2023-02-28,603920,15.33,15.42,15.78,15.22,70742,121570062.0,3.65,0.59,0.09,1.33,603920
2023-03-01,603920,15.38,16.31,16.38,15.3,170063,300545062.0,7.0,5.77,0.89,3.2,603920
2023-03-02,603920,16.28,15.73,16.58,15.64,158110,279112996.0,5.76,-3.56,-0.58,2.97,603920
2023-03-03,603920,15.79,15.41,15.97,15.34,87271,150519122.0,4.01,-2.03,-0.32,1.64,603920
2023-03-06,603920,15.25,15.39,15.65,14.99,104657,177781184.0,4.28,-0.13,-0.02,1.97,603920
2023-03-07,603920,15.3,14.93,15.5,14.93,74774,126408466.0,3.7,-2.99,-0.46,1.41,603920
2023-03-08,603920,14.91,15.18,15.24,14.89,45950,77226133.0,2.34,1.67,0.25,0.86,603920
2023-03-09,603920,15.18,15.25,15.35,15.01,43646,73752830.0,2.24,0.46,0.07,0.82,603920
2023-03-10,603920,15.15,14.92,15.29,14.85,49240,82264110.0,2.89,-2.16,-0.33,0.93,603920
2023-03-13,603920,14.84,14.99,15.03,14.68,48750,80733965.0,2.35,0.47,0.07,0.92,603920
2023-03-14,603920,14.86,14.86,14.99,14.46,46303,76021095.0,3.54,-0.87,-0.13,0.87,603920
2023-03-15,603920,14.98,15.02,15.4,14.87,48208,81093945.0,3.57,1.08,0.16,0.91,603920
2023-03-16,603920,15.0,14.74,15.1,14.69,42911,71148625.0,2.73,-1.86,-0.28,0.81,603920
2023-03-17,603920,14.85,14.85,15.06,14.78,36116,59981271.0,1.9,0.75,0.11,0.68,603920
2023-03-20,603920,15.0,15.47,15.54,14.96,93547,159293204.0,3.91,4.18,0.62,1.76,603920
2023-03-21,603920,15.45,15.56,15.62,15.36,66779,115045207.0,1.68,0.58,0.09,1.25,603920
2023-03-22,603920,15.76,15.93,16.02,15.57,71480,125739094.0,2.89,2.38,0.37,1.34,603920
2023-03-23,603920,16.02,16.1,16.27,15.87,92059,163519685.0,2.51,1.07,0.17,1.73,603920
2023-03-24,603920,16.17,16.29,16.47,16.01,77274,138500422.0,2.86,1.18,0.19,1.45,603920
2023-03-27,603920,16.29,17.08,17.15,16.2,131452,243746351.0,5.83,4.85,0.79,2.47,603920
2023-03-28,603920,17.1,17.28,18.16,17.1,172671,331530007.0,6.21,1.17,0.2,3.24,603920
2023-03-29,603920,17.1,16.85,17.55,16.78,117190,220652870.0,4.46,-2.49,-0.43,2.2,603920
2023-03-30,603920,16.92,16.77,17.18,16.7,88247,164007121.0,2.85,-0.47,-0.08,1.66,603920
2023-03-31,603920,16.71,16.67,16.83,16.38,76555,140401568.0,2.68,-0.6,-0.1,1.44,603920
2023-04-03,603920,16.69,16.88,17.29,16.64,109258,203151574.0,3.9,1.26,0.21,2.05,603920
2023-04-04,603920,16.9,16.89,17.1,16.7,101374,188781891.0,2.37,0.06,0.01,1.9,603920
2023-04-06,603920,16.8,17.39,17.5,16.7,133640,252709087.0,4.74,2.96,0.5,2.51,603920
2023-04-07,603920,17.41,16.97,17.54,16.8,91004,170773116.0,4.26,-2.42,-0.42,1.71,603920
2023-04-10,603920,18.0,17.24,18.1,17.2,151902,292783780.0,5.3,1.59,0.27,2.85,603920
2023-04-11,603920,17.25,17.21,17.52,16.98,94790,179145194.0,3.13,-0.17,-0.03,1.78,603920
2023-04-12,603920,17.16,17.25,17.58,17.02,74307,141514112.0,3.25,0.23,0.04,1.4,603920
2023-04-13,603920,17.21,16.61,17.21,16.6,83461,154277279.0,3.54,-3.71,-0.64,1.57,603920
2023-04-14,603920,16.77,16.89,17.05,16.61,53326,98950124.0,2.65,1.69,0.28,1.0,603920
2023-04-17,603920,16.84,16.53,17.2,16.48,80422,147896125.0,4.26,-2.13,-0.36,1.51,603920
2023-04-18,603920,16.53,16.82,17.0,16.23,81635,149987537.0,4.66,1.75,0.29,1.53,603920
2023-04-19,603920,17.2,18.67,18.67,17.2,153891,309559283.0,8.74,11.0,1.85,2.89,603920
2023-04-20,603920,18.26,18.31,18.78,17.8,313217,627250651.0,5.25,-1.93,-0.36,5.89,603920
2023-04-21,603920,18.1,17.47,18.17,17.16,211615,408212380.0,5.52,-4.59,-0.84,3.98,603920
2023-04-24,603920,17.8,15.55,17.97,15.55,252744,452512837.0,13.85,-10.99,-1.92,4.75,603920
2023-04-25,603920,15.47,15.63,16.26,15.21,211565,367778774.0,6.75,0.51,0.08,3.98,603920
2023-04-26,603920,15.39,15.01,15.75,14.82,130986,221703695.0,5.95,-3.97,-0.62,2.46,603920
2023-04-27,603920,15.05,15.34,15.75,14.83,112084,192225477.0,6.13,2.2,0.33,2.11,603920
2023-04-28,603920,15.34,15.91,16.09,15.33,104185,182704101.0,4.95,3.72,0.57,1.96,603920
2023-05-04,603920,15.7,15.41,16.03,15.05,103476,177406529.0,6.16,-3.14,-0.5,1.94,603920
2023-05-05,603920,15.41,15.01,15.41,14.75,79443,132781580.0,4.28,-2.6,-0.4,1.49,603920
2023-05-08,603920,15.04,14.96,15.17,14.8,70968,118357088.0,2.47,-0.33,-0.05,1.33,603920
2023-05-09,603920,14.97,14.52,15.05,14.51,78855,129291544.0,3.61,-2.94,-0.44,1.48,603920
2023-05-10,603920,14.5,14.18,14.51,14.0,89421,141729522.0,3.51,-2.34,-0.34,1.68,603920
2023-05-11,603920,14.29,14.45,14.52,14.16,56416,90777271.0,2.54,1.9,0.27,1.06,603920
2023-05-12,603920,14.51,14.71,15.1,14.36,90839,148875729.0,5.12,1.8,0.26,1.71,603920
2023-05-15,603920,14.84,14.87,15.05,14.52,88277,145753404.0,3.6,1.09,0.16,1.66,603920
2023-05-16,603920,14.87,14.61,14.91,14.55,78289,128422609.0,2.42,-1.75,-0.26,1.47,603920
2023-05-17,603920,14.61,14.58,14.7,14.45,59758,97291532.0,1.71,-0.21,-0.03,1.12,603920
2023-05-18,603920,14.58,15.21,15.74,14.55,167138,281284649.0,8.16,4.32,0.63,3.14,603920
2023-05-19,603920,14.94,15.64,15.89,14.61,183257,315696244.0,8.42,2.83,0.43,3.44,603920
2023-05-22,603920,15.67,15.39,15.74,15.18,104588,179392852.0,3.58,-1.6,-0.25,1.97,603920
2023-05-23,603920,15.47,15.18,15.53,15.1,81531,138200813.0,2.79,-1.36,-0.21,1.53,603920
2023-05-24,603920,15.06,15.29,15.45,14.98,54128,91893624.0,3.1,0.72,0.11,1.02,603920
2023-05-25,603920,15.25,15.71,16.27,15.21,173502,302604394.0,6.93,2.75,0.42,3.26,603920
2023-05-26,603920,15.71,16.78,17.36,15.3,283481,514013411.0,13.11,6.81,1.07,5.33,603920
2023-05-29,603920,16.7,16.85,17.4,16.43,256902,477100773.0,5.78,0.42,0.07,4.83,603920
2023-05-30,603920,16.87,17.69,17.89,16.45,309597,587259830.0,8.55,4.99,0.84,5.82,603920
2023-05-31,603920,18.1,18.68,19.3,17.51,497031,1002409641.0,10.12,5.6,0.99,9.34,603920
2023-06-01,603920,18.18,18.33,18.4,17.79,311751,618248109.0,3.27,-1.87,-0.35,5.86,603920
2023-06-02,603920,18.08,17.76,18.09,17.36,195694,369165761.0,3.98,-3.11,-0.57,3.68,603920
2023-06-05,603920,17.71,17.6,17.96,17.58,115077,216810326.0,2.14,-0.9,-0.16,2.16,603920
2023-06-06,603920,17.5,17.06,17.6,17.0,136448,249601716.0,3.41,-3.07,-0.54,2.56,603920
2023-06-07,603920,17.01,17.22,17.4,16.85,82040,149906723.0,3.22,0.94,0.16,1.54,603920
2023-06-08,603920,17.24,17.84,17.95,16.8,204548,380557372.0,6.68,3.6,0.62,3.84,603920
2023-06-09,603920,17.92,18.76,18.96,17.66,321649,625715662.0,7.29,5.16,0.92,6.04,603920
2023-06-12,603920,18.2,17.85,18.4,17.78,236917,453517622.0,3.3,-4.85,-0.91,4.45,603920
2023-06-13,603920,17.8,17.72,18.0,17.59,135921,256344199.0,2.3,-0.73,-0.13,2.55,603920
2023-06-14,603920,17.7,17.83,18.04,17.56,133300,251248042.0,2.71,0.62,0.11,2.5,603920
2023-06-15,603920,17.7,17.7,18.17,17.63,111564,211520442.0,3.03,-0.73,-0.13,2.1,603920
2023-06-16,603920,17.84,18.44,18.7,17.7,159100,307438136.0,5.65,4.18,0.74,2.99,603920
2023-06-19,603920,18.47,18.58,18.74,18.25,139302,272989720.0,2.66,0.76,0.14,2.62,603920
2023-06-20,603920,18.57,18.56,18.68,18.3,95241,186466912.0,2.05,-0.11,-0.02,1.79,603920
2023-06-21,603920,18.5,18.23,18.98,18.23,135227,266036192.0,4.04,-1.78,-0.33,2.54,603920
2023-06-26,603920,18.28,17.7,18.6,17.65,104602,199460271.0,5.21,-2.91,-0.53,1.97,603920
2023-06-27,603920,17.67,18.5,18.63,17.66,107628,208665990.0,5.48,4.52,0.8,2.02,603920
2023-06-28,603920,18.57,18.05,18.57,17.63,87342,166740851.0,5.08,-2.43,-0.45,1.64,603920
2023-06-29,603920,18.0,18.59,19.2,17.93,141466,279666480.0,7.04,2.99,0.54,2.66,603920
2023-06-30,603920,18.63,18.43,18.72,18.06,125830,245051695.0,3.55,-0.86,-0.16,2.36,603920
2023-07-03,603920,18.6,17.03,18.76,16.98,255403,475281778.0,9.66,-7.6,-1.4,4.8,603920
2023-07-04,603920,17.0,17.35,17.47,16.7,137408,251757560.0,4.52,1.88,0.32,2.58,603920
2023-07-05,603920,17.28,17.1,17.36,17.09,89550,163836927.0,1.56,-1.44,-0.25,1.68,603920
2023-07-06,603920,17.2,17.25,18.15,17.01,100509,187249253.0,6.67,0.88,0.15,1.89,603920
2023-07-07,603920,17.12,16.96,17.29,16.71,71406,128985981.0,3.36,-1.68,-0.29,1.34,603920
2023-07-10,603920,17.01,16.73,17.02,16.68,56332,100827316.0,2.0,-1.36,-0.23,1.06,603920
2023-07-11,603920,16.7,17.45,17.54,16.69,107962,197927158.0,5.08,4.3,0.72,2.03,603920
2023-07-12,603920,17.42,17.15,17.79,17.12,88166,162852975.0,3.84,-1.72,-0.3,1.66,603920
2023-07-13,603920,17.2,17.57,17.67,17.02,103914,191875140.0,3.79,2.45,0.42,1.95,603920
2023-07-14,603920,17.7,17.5,17.8,17.42,78757,147124697.0,2.16,-0.4,-0.07,1.48,603920
2023-07-17,603920,17.48,17.34,17.7,17.26,67830,125692713.0,2.51,-0.91,-0.16,1.27,603920
2023-07-18,603920,17.4,17.18,17.58,17.11,67185,123604435.0,2.71,-0.92,-0.16,1.26,603920
2023-07-19,603920,17.19,17.0,17.3,16.86,59801,108366619.0,2.56,-1.05,-0.18,1.12,603920
2023-07-20,603920,17.04,16.49,17.05,16.44,79307,141123270.0,3.59,-3.0,-0.51,1.49,603920
2023-07-21,603920,16.39,16.2,16.56,16.05,60923,105826721.0,3.09,-1.76,-0.29,1.14,603920
2023-07-24,603920,16.15,16.39,16.6,16.15,43265,75796948.0,2.78,1.17,0.19,0.81,603920
2023-07-25,603920,16.55,16.97,17.15,16.5,91174,164325417.0,3.97,3.54,0.58,1.71,603920
2023-07-26,603920,17.04,16.6,17.08,16.54,53966,96190174.0,3.18,-2.18,-0.37,1.01,603920
2023-07-27,603920,16.65,16.32,16.78,16.29,42358,74639336.0,2.95,-1.69,-0.28,0.8,603920
2023-07-28,603920,16.38,16.16,16.42,16.15,48036,83303688.0,1.65,-0.98,-0.16,0.9,603920
2023-07-31,603920,16.29,16.39,16.64,16.17,57735,101322426.0,2.91,1.42,0.23,1.08,603920
2023-08-01,603920,16.37,16.28,16.46,16.15,50669,88036007.0,1.89,-0.67,-0.11,0.95,603920
2023-08-02,603920,16.24,16.3,16.47,16.18,37454,65345778.0,1.78,0.12,0.02,0.7,603920
2023-08-03,603920,16.42,16.37,16.8,16.26,64402,113364765.0,3.31,0.43,0.07,1.21,603920
2023-08-04,603920,16.37,16.51,16.57,16.29,45336,79519869.0,1.71,0.86,0.14,0.85,603920
2023-08-07,603920,16.42,16.5,16.64,16.38,36333,63996690.0,1.57,-0.06,-0.01,0.68,603920
2023-08-08,603920,16.5,16.31,16.55,16.3,28589,49968375.0,1.52,-1.15,-0.19,0.54,603920
2023-08-09,603920,16.25,16.26,16.42,16.18,37108,64536577.0,1.47,-0.31,-0.05,0.7,603920
2023-08-10,603920,16.26,16.26,16.41,16.16,27119,47195783.0,1.54,0.0,0.0,0.51,603920
2023-08-11,603920,16.2,15.83,16.37,15.81,42744,73140429.0,3.44,-2.64,-0.43,0.8,603920
2023-08-14,603920,15.8,15.97,16.0,15.6,34164,57688767.0,2.53,0.88,0.14,0.64,603920
2023-08-15,603920,16.0,15.46,16.1,15.39,60340,100982824.0,4.45,-3.19,-0.51,1.13,603920
2023-08-16,603920,15.46,15.35,15.65,15.31,41376,68594008.0,2.2,-0.71,-0.11,0.78,603920
2023-08-17,603920,15.4,15.7,15.76,15.22,39345,65525314.0,3.52,2.28,0.35,0.74,603920
2023-08-18,603920,15.78,15.24,15.82,15.24,26624,44164083.0,3.69,-2.93,-0.46,0.5,603920
2023-08-21,603920,15.25,15.17,15.48,15.15,25599,42034167.0,2.17,-0.46,-0.07,0.48,603920
2023-08-22,603920,15.13,15.48,15.53,15.13,39107,64315327.0,2.64,2.04,0.31,0.73,603920
2023-08-23,603920,15.41,15.32,15.6,15.3,35639,59004928.0,1.94,-1.03,-0.16,0.67,603920
2023-08-24,603920,15.41,15.28,15.65,15.18,36831,60730242.0,3.07,-0.26,-0.04,0.69,603920
2023-08-25,603920,15.23,14.6,15.3,14.5,61162,97248956.0,5.24,-4.45,-0.68,1.15,603920
2023-08-28,603920,15.4,14.85,15.55,14.8,62838,102108521.0,5.14,1.71,0.25,1.18,603920
2023-08-29,603920,14.85,15.71,15.8,14.77,70890,117361715.0,6.94,5.79,0.86,1.33,603920
2023-08-30,603920,15.84,15.89,16.19,15.73,62217,106008031.0,2.93,1.15,0.18,1.17,603920
2023-08-31,603920,15.89,15.9,16.01,15.76,40700,69215976.0,1.57,0.06,0.01,0.76,603920
2023-09-01,603920,16.06,15.83,16.06,15.58,35978,60866014.0,3.02,-0.44,-0.07,0.68,603920
2023-09-04,603920,15.88,16.06,16.07,15.72,47177,80138093.0,2.21,1.45,0.23,0.89,603920
2023-09-05,603920,16.04,15.98,16.19,15.93,59371,101707637.0,1.62,-0.5,-0.08,1.12,603920
2023-09-06,603920,15.93,16.24,16.26,15.85,55780,96076680.0,2.57,1.63,0.26,1.05,603920
2023-09-07,603920,16.2,15.93,16.24,15.93,36973,63364748.0,1.91,-1.91,-0.31,0.69,603920
2023-09-08,603920,16.07,16.01,16.1,15.9,24432,41800918.0,1.26,0.5,0.08,0.46,603920
2023-09-11,603920,15.96,16.08,16.15,15.9,46197,79377767.0,1.56,0.44,0.07,0.87,603920
2023-09-12,603920,16.17,16.72,17.28,16.06,196112,350039935.0,7.59,3.98,0.64,3.69,603920
2023-09-13,603920,16.68,15.91,16.68,15.66,154519,264341316.0,6.1,-4.84,-0.81,2.9,603920
2023-09-14,603920,16.9,16.38,16.9,16.22,201729,356045527.0,4.27,2.95,0.47,3.79,603920
2023-09-15,603920,16.2,15.89,16.27,15.77,113395,193521208.0,3.05,-2.99,-0.49,2.13,603920
2023-09-18,603920,15.78,15.81,16.07,15.5,88201,149351833.0,3.59,-0.5,-0.08,1.66,603920
2023-09-19,603920,15.71,15.41,15.75,15.21,80865,133439477.0,3.42,-2.53,-0.4,1.52,603920
2023-09-20,603920,15.38,15.13,15.46,15.13,42646,69787985.0,2.14,-1.82,-0.28,0.8,603920
2023-09-21,603920,15.13,15.07,15.22,15.0,38855,62937959.0,1.45,-0.4,-0.06,0.73,603920
2023-09-22,603920,15.07,15.91,16.0,15.05,113470,190403828.0,6.3,5.57,0.84,2.13,603920
2023-09-25,603920,15.79,15.7,16.2,15.68,75757,128322625.0,3.27,-1.32,-0.21,1.42,603920
2023-09-26,603920,15.64,15.61,15.81,15.48,58787,98434436.0,2.1,-0.57,-0.09,1.1,603920
2023-09-27,603920,15.55,15.52,15.67,15.43,52738,87667784.0,1.54,-0.58,-0.09,0.99,603920
2023-09-28,603920,15.55,15.91,16.03,15.55,78099,132317300.0,3.09,2.51,0.39,1.47,603920
2023-10-09,603920,15.86,15.9,16.0,15.65,58485,99290797.0,2.2,-0.06,-0.01,1.1,603920
2023-10-10,603920,15.91,16.08,16.24,15.9,58545,100708530.0,2.14,1.13,0.18,1.1,603920
2023-10-11,603920,16.17,16.32,16.4,15.99,77043,133627685.0,2.55,1.49,0.24,1.45,603920
2023-10-12,603920,16.37,16.3,16.42,16.18,54415,94625707.0,1.47,-0.12,-0.02,1.02,603920
2023-10-13,603920,16.15,16.27,16.45,16.09,46624,81162741.0,2.21,-0.18,-0.03,0.88,603920
2023-10-16,603920,16.27,15.9,16.33,15.79,48370,82677755.0,3.32,-2.27,-0.37,0.91,603920
2023-10-17,603920,15.84,15.8,15.94,15.5,47834,80279783.0,2.77,-0.63,-0.1,0.9,603920
2023-10-18,603920,15.64,15.45,15.94,15.33,39002,64820443.0,3.86,-2.22,-0.35,0.73,603920
2023-10-19,603920,15.4,15.29,15.72,15.26,43595,72282017.0,2.98,-1.04,-0.16,0.82,603920
2023-10-20,603920,15.31,15.02,15.43,15.0,53308,86855055.0,2.81,-1.77,-0.27,1.0,603920
2023-10-23,603920,14.97,14.68,15.07,14.56,51552,81899270.0,3.4,-2.26,-0.34,0.97,603920
2023-10-24,603920,14.96,15.39,15.44,14.84,77122,125810825.0,4.09,4.84,0.71,1.45,603920
2023-10-25,603920,15.45,15.68,15.81,15.43,69761,116910194.0,2.47,1.88,0.29,1.31,603920
2023-10-26,603920,15.4,15.66,15.73,15.28,57217,95347326.0,2.87,-0.13,-0.02,1.08,603920
2023-10-27,603920,15.61,15.77,15.83,15.42,56265,94325923.0,2.62,0.7,0.11,1.06,603920
2023-10-30,603920,15.67,16.13,16.24,15.65,85348,146397057.0,3.74,2.28,0.36,1.6,603920
2023-10-31,603920,16.29,16.7,17.2,16.29,170501,305682983.0,5.64,3.53,0.57,3.2,603920
2023-11-01,603920,16.72,16.78,17.01,16.65,77073,138132815.0,2.16,0.48,0.08,1.45,603920
2023-11-02,603920,16.84,16.1,16.84,16.05,65371,114088549.0,4.71,-4.05,-0.68,1.23,603920
2023-11-03,603920,16.15,16.8,16.88,16.15,74958,133140693.0,4.53,4.35,0.7,1.41,603920
2023-11-06,603920,16.9,16.93,17.15,16.89,97302,175931541.0,1.55,0.77,0.13,1.83,603920
2023-11-07,603920,16.9,17.05,17.23,16.8,82194,149252762.0,2.54,0.71,0.12,1.54,603920
2023-11-08,603920,17.01,16.88,17.1,16.65,51154,91891072.0,2.64,-1.0,-0.17,0.96,603920
2023-11-09,603920,16.74,16.76,17.4,16.7,59162,106784505.0,4.15,-0.71,-0.12,1.11,603920
2023-11-10,603920,16.66,16.76,16.97,16.6,42024,75227937.0,2.21,0.0,0.0,0.79,603920
2023-11-13,603920,16.86,16.93,17.21,16.78,96683,175108214.0,2.57,1.01,0.17,1.82,603920
2023-11-14,603920,16.98,17.23,17.38,16.87,88215,161530570.0,3.01,1.77,0.3,1.66,603920
2023-11-15,603920,17.38,17.4,17.59,17.17,85305,157540326.0,2.44,0.99,0.17,1.6,603920
2023-11-21,603920,17.08,16.51,17.08,16.47,210229,375442515.0,3.51,-5.11,-0.89,3.95,603920
2023-11-22,603920,16.46,16.57,17.1,16.45,154730,277281893.0,3.94,0.36,0.06,2.91,603920
2023-11-23,603920,16.61,16.96,17.0,16.52,79920,143244049.0,2.9,2.35,0.39,1.5,603920
2023-11-24,603920,16.96,16.46,16.96,16.42,77217,136373065.0,3.18,-2.95,-0.5,1.45,603920
2023-11-27,603920,16.53,16.6,16.74,16.32,59667,105044618.0,2.55,0.85,0.14,1.12,603920
2023-11-28,603920,16.65,16.94,17.05,16.55,74012,132837463.0,3.01,2.05,0.34,1.39,603920
2023-11-29,603920,16.99,16.97,17.32,16.88,64098,116610605.0,2.6,0.18,0.03,1.2,603920
2023-11-30,603920,16.99,16.71,16.99,16.51,62141,110445901.0,2.83,-1.53,-0.26,1.17,603920
2023-12-01,603920,16.71,16.74,16.82,16.41,52230,92440071.0,2.45,0.18,0.03,0.98,603920
2023-12-04,603920,16.83,16.8,16.94,16.56,59006,105763883.0,2.27,0.36,0.06,1.11,603920
2023-12-05,603920,16.79,16.1,16.79,16.07,74739,129646843.0,4.29,-4.17,-0.7,1.4,603920
2023-12-06,603920,16.07,15.8,16.22,15.71,63984,108898539.0,3.17,-1.86,-0.3,1.2,603920
2023-12-07,603920,15.8,16.15,16.22,15.75,55317,94699772.0,2.97,2.22,0.35,1.04,603920
2023-12-08,603920,16.16,16.4,16.65,16.15,48043,84238585.0,3.1,1.55,0.25,0.9,603920
2023-12-11,603920,16.4,16.96,16.99,16.18,90400,160890141.0,4.94,3.41,0.56,1.7,603920
2023-12-12,603920,16.95,17.2,17.21,16.87,80110,145968968.0,2.0,1.42,0.24,1.51,603920
2023-12-13,603920,17.2,17.23,17.65,17.18,98162,181690430.0,2.73,0.17,0.03,1.84,603920
2023-12-14,603920,17.27,17.01,17.48,17.0,50497,92193266.0,2.79,-1.28,-0.22,0.95,603920
2023-12-15,603920,17.01,16.92,17.16,16.8,50643,91399997.0,2.12,-0.53,-0.09,0.95,603920
2023-12-18,603920,16.95,16.64,16.95,16.59,45754,81579076.0,2.13,-1.65,-0.28,0.86,603920
2023-12-19,603920,16.69,16.81,16.85,16.43,40834,72429844.0,2.52,1.02,0.17,0.77,603920
2023-12-20,603920,16.9,16.49,16.98,16.46,51321,91151273.0,3.09,-1.9,-0.32,0.96,603920
2023-12-21,603920,16.49,16.59,16.73,15.99,54206,94672309.0,4.49,0.61,0.1,1.02,603920
2023-12-22,603920,16.63,16.49,17.21,16.42,89050,158382470.0,4.76,-0.6,-0.1,1.67,603920
2023-12-25,603920,16.69,16.42,16.83,16.16,73559,129326553.0,4.06,-0.42,-0.07,1.38,603920
2023-12-26,603920,16.4,15.91,16.43,15.81,59589,101787776.0,3.78,-3.11,-0.51,1.12,603920
2023-12-27,603920,15.9,16.41,16.5,15.87,57232,99372080.0,3.96,3.14,0.5,1.08,603920
2023-12-28,603920,16.52,16.78,16.86,16.34,65221,116112975.0,3.17,2.25,0.37,1.23,603920
2023-12-29,603920,16.85,17.18,17.23,16.62,76367,138828577.0,3.64,2.38,0.4,1.43,603920
2024-01-02,603920,17.22,17.01,17.26,16.99,58025,105668520.0,1.57,-0.99,-0.17,1.08,603920
2024-01-03,603920,17.01,16.72,17.07,16.63,60512,108208416.0,2.59,-1.7,-0.29,1.13,603920
2024-01-04,603920,16.7,16.43,16.72,16.26,55423,97019474.0,2.75,-1.73,-0.29,1.03,603920
2024-01-05,603920,16.42,16.08,16.64,15.97,52185,90596515.0,4.08,-2.13,-0.35,0.97,603920
2024-01-08,603920,16.15,15.43,16.18,15.33,101562,169808912.0,5.29,-4.04,-0.65,1.89,603920
2024-01-09,603920,15.5,15.54,15.84,15.4,50707,84571984.0,2.85,0.71,0.11,0.94,603920
2024-01-10,603920,15.39,15.45,15.6,15.14,41121,67823185.0,2.96,-0.58,-0.09,0.76,603920
2024-01-11,603920,15.35,15.63,15.69,15.35,43279,72136288.0,2.2,1.17,0.18,0.81,603920
2024-01-12,603920,15.56,15.68,15.97,15.52,49562,83520486.0,2.88,0.32,0.05,0.92,603920
2024-01-15,603920,15.56,15.72,15.85,15.48,39204,65797022.0,2.36,0.26,0.04,0.73,603920
2024-01-16,603920,15.59,15.44,15.66,15.25,50115,82867494.0,2.61,-1.78,-0.28,0.93,603920
2024-01-17,603920,15.43,14.99,15.54,14.9,49743,81461227.0,4.15,-2.91,-0.45,0.93,603920
2024-01-18,603920,14.91,14.88,14.98,14.3,81759,128572255.0,4.54,-0.73,-0.11,1.52,603920
2024-01-19,603920,14.9,14.65,15.08,14.63,41003,65227050.0,3.02,-1.55,-0.23,0.76,603920
2024-01-22,603920,14.65,13.61,14.74,13.53,68275,103966470.0,8.26,-7.1,-1.04,1.27,603920
2024-01-23,603920,13.67,13.93,14.03,13.43,67193,99985726.0,4.41,2.35,0.32,1.25,603920
2024-01-24,603920,14.05,13.93,14.13,13.26,70720,104573632.0,6.25,0.0,0.0,1.32,603920
2024-01-25,603920,13.98,14.53,14.56,13.8,65250,100431590.0,5.46,4.31,0.6,1.21,603920
2024-01-26,603920,14.57,14.34,14.6,14.27,44033,68428319.0,2.27,-1.31,-0.19,0.82,603920
2024-01-29,603920,14.43,13.81,14.47,13.75,47480,71434839.0,5.02,-3.7,-0.53,0.88,603920
2024-01-30,603920,13.79,13.33,13.82,13.33,59681,87133522.0,3.55,-3.48,-0.48,1.11,603920
2024-01-31,603920,13.23,12.56,13.56,12.51,73059,101909991.0,7.88,-5.78,-0.77,1.36,603920
2024-02-01,603920,12.63,12.65,12.94,12.25,71416,97990761.0,5.49,0.72,0.09,1.33,603920
2024-02-02,603920,12.62,11.9,12.91,11.41,82700,108860926.0,11.86,-5.93,-0.75,1.54,603920
2024-02-05,603920,11.9,10.74,11.9,10.6,120020,144471444.0,10.92,-9.75,-1.16,2.23,603920
2024-02-06,603920,10.55,11.41,11.65,10.15,112320,135031935.0,13.97,6.24,0.67,2.09,603920
2024-02-07,603920,11.67,12.3,12.53,11.44,117469,155500079.0,9.55,7.8,0.89,2.19,603920
2024-02-08,603920,12.3,13.39,13.44,12.25,119979,169722594.0,9.67,8.86,1.09,2.23,603920
2024-02-19,603920,13.7,13.64,13.85,13.38,99088,145809485.0,3.51,1.87,0.25,1.84,603920
2024-02-20,603920,13.56,13.32,13.56,13.12,75632,108834087.0,3.23,-2.35,-0.32,1.41,603920
2024-02-21,603920,13.37,13.33,13.77,13.23,74894,109207004.0,4.05,0.08,0.01,1.39,603920
2024-02-22,603920,13.41,13.87,14.35,13.32,119232,177420206.0,7.73,4.05,0.54,2.22,603920
2024-02-23,603920,13.75,13.87,13.89,13.54,96521,143164315.0,2.52,0.0,0.0,1.8,603920
2024-02-26,603920,13.86,14.08,14.4,13.85,100708,153559244.0,3.97,1.51,0.21,1.87,603920
2024-02-27,603920,14.17,15.6,15.6,13.92,158418,254550456.0,11.93,10.8,1.52,2.95,603920
2024-02-28,603920,15.99,14.76,16.38,14.71,220127,366949080.0,10.71,-5.38,-0.84,4.09,603920
2024-02-29,603920,14.52,15.42,15.51,14.51,145919,237552812.0,6.78,4.47,0.66,2.71,603920
2024-03-01,603920,15.42,16.55,16.55,15.42,209980,361491177.0,7.33,7.33,1.13,3.91,603920
2024-03-04,603920,17.5,18.08,18.32,17.41,451895,862144970.0,5.5,9.24,1.53,8.41,603920
2024-03-05,603920,17.96,18.06,19.25,17.88,411722,801155329.0,7.58,-0.11,-0.02,7.66,603920
2024-03-06,603920,17.97,18.85,19.09,17.59,290234,566886980.0,8.31,4.37,0.79,5.4,603920
2024-03-07,603920,18.85,18.7,19.12,18.33,211170,419314630.0,4.19,-0.8,-0.15,3.93,603920
2024-03-08,603920,18.7,19.95,20.13,18.5,269522,554423196.0,8.72,6.68,1.25,5.01,603920
2024-03-11,603920,19.2,18.95,19.21,18.45,249031,495769861.0,3.81,-5.01,-1.0,4.63,603920
2024-03-12,603920,18.83,18.69,19.08,18.21,172454,339107546.0,4.59,-1.37,-0.26,3.21,603920
2024-03-13,603920,19.14,19.83,20.35,18.7,305048,630747834.0,8.83,6.1,1.14,5.67,603920
2024-03-14,603920,19.2,18.83,19.49,18.63,167038,334999378.0,4.34,-5.04,-1.0,3.11,603920
2024-03-15,603920,18.42,18.72,18.87,18.18,190133,373665381.0,3.66,-0.58,-0.11,3.54,603920
2024-03-18,603920,18.72,18.8,18.95,18.39,171579,339674303.0,2.99,0.43,0.08,3.19,603920
2024-03-19,603920,18.9,18.33,18.96,18.26,136635,267570432.0,3.72,-2.5,-0.47,2.54,603920
2024-03-20,603920,18.32,18.33,18.54,18.09,123312,238921259.0,2.45,0.0,0.0,2.29,603920
2024-03-21,603920,18.3,17.86,18.35,17.68,135809,258515217.0,3.66,-2.56,-0.47,2.53,603920
2024-03-22,603920,17.87,17.71,18.04,17.4,133842,251684701.0,3.58,-0.84,-0.15,2.49,603920
2024-03-25,603920,17.7,17.14,17.89,17.12,109679,204345500.0,4.35,-3.22,-0.57,2.04,603920
2024-03-26,603920,17.15,16.93,17.45,16.73,97080,176284069.0,4.2,-1.23,-0.21,1.81,603920
2024-03-27,603920,17.0,16.41,17.07,16.4,89261,158356716.0,3.96,-3.07,-0.52,1.66,603920
2024-03-28,603920,16.35,17.22,17.75,16.35,158066,289134350.0,8.53,4.94,0.81,2.94,603920
2024-03-29,603920,17.28,17.67,17.73,16.76,124083,228515167.0,5.63,2.61,0.45,2.31,603920
2024-04-01,603920,17.85,17.52,17.94,17.25,136579,255313924.0,3.9,-0.85,-0.15,2.53,603920
2024-04-02,603920,17.5,17.14,17.57,17.0,116821,214046448.0,3.25,-2.17,-0.38,2.16,603920
2024-04-03,603920,17.12,16.85,17.26,16.65,106063,190178007.0,3.56,-1.69,-0.29,1.96,603920
2024-04-08,603920,16.69,16.31,16.98,16.28,129978,229449006.0,4.15,-3.2,-0.54,2.41,603920
2024-04-09,603920,16.43,16.28,16.5,16.1,67341,116865129.0,2.45,-0.18,-0.03,1.25,603920
2024-04-10,603920,16.35,15.8,16.44,15.64,95595,162205842.0,4.91,-2.95,-0.48,1.77,603920
2024-04-11,603920,15.8,15.71,15.97,15.66,71427,120630020.0,1.96,-0.57,-0.09,1.32,603920
2024-04-12,603920,15.8,16.15,16.72,15.8,130788,226920296.0,5.86,2.8,0.44,2.42,603920
2024-04-15,603920,16.0,15.91,16.5,15.7,112282,192251857.0,4.95,-1.49,-0.24,2.08,603920
2024-04-16,603920,15.84,15.07,16.02,15.05,112416,185568868.0,6.1,-5.28,-0.84,2.08,603920
2024-04-17,603920,15.27,15.47,15.7,15.25,87969,145602836.0,2.99,2.65,0.4,1.63,603920
2024-04-18,603920,15.47,15.63,15.93,15.06,85008,141999827.0,5.62,1.03,0.16,1.57,603920
2024-04-19,603920,15.5,15.24,15.55,15.01,84270,137736377.0,3.45,-2.5,-0.39,1.56,603920
2024-04-22,603920,15.28,15.2,15.42,14.76,69582,113127746.0,4.33,-0.26,-0.04,1.29,603920
2024-04-23,603920,15.23,14.99,15.45,14.84,72739,117223135.0,4.01,-1.38,-0.21,1.35,603920
2024-04-24,603920,15.09,16.0,16.02,15.09,151174,253181654.0,6.2,6.74,1.01,2.8,603920
2024-04-25,603920,15.9,15.36,15.9,14.95,223013,366230578.0,5.94,-4.0,-0.64,4.13,603920
2024-04-26,603920,15.32,16.32,16.41,15.32,250249,427246260.0,7.1,6.25,0.96,4.63,603920
2024-04-29,603920,16.77,16.95,17.15,16.4,249699,446805381.0,4.6,3.86,0.63,4.62,603920
2024-04-30,603920,17.55,16.97,17.82,16.78,258164,473036596.0,6.14,0.12,0.02,4.78,603920
2024-05-06,603920,17.28,17.2,17.59,17.01,180306,331583785.0,3.42,1.36,0.23,3.34,603920
2024-05-07,603920,17.2,17.29,17.85,17.12,195046,362768982.0,4.24,0.52,0.09,3.61,603920
2024-05-08,603920,17.1,17.46,18.03,17.06,193606,360670162.0,5.61,0.98,0.17,3.58,603920
2024-05-09,603920,17.21,17.42,17.47,17.07,143847,264900351.0,2.29,-0.23,-0.04,2.66,603920
2024-05-10,603920,17.42,17.05,17.46,16.99,132475,241671791.0,2.7,-2.12,-0.37,2.45,603920
2024-05-13,603920,16.8,16.75,17.41,16.61,191345,346473379.0,4.69,-1.76,-0.3,3.54,603920
2024-05-14,603920,16.76,16.9,17.15,16.74,115407,208089941.0,2.45,0.9,0.15,2.14,603920
2024-05-15,603920,16.92,17.09,17.47,16.75,109200,199378039.0,4.26,1.12,0.19,2.02,603920
2024-05-16,603920,17.2,17.27,17.58,17.09,137817,254017916.0,2.87,1.05,0.18,2.55,603920
2024-05-17,603920,17.2,17.78,17.78,16.92,119938,220028443.0,4.98,2.95,0.51,2.22,603920
2024-05-20,603920,17.77,17.41,17.77,17.28,165816,307678238.0,2.76,-2.08,-0.37,3.07,603920
2024-05-21,603920,17.51,17.07,17.53,16.98,101860,186137168.0,3.16,-1.95,-0.34,1.88,603920
2024-05-22,603920,17.1,17.11,17.16,16.85,88339,160195731.0,1.82,0.23,0.04,1.63,603920
2024-05-23,603920,17.18,16.79,17.18,16.7,101153,182141993.0,2.81,-1.87,-0.32,1.87,603920
2024-05-24,603920,16.8,16.46,16.99,16.28,119372,210535628.0,4.23,-1.97,-0.33,2.21,603920
2024-05-27,603920,16.32,16.98,17.01,16.28,93226,165173214.0,4.43,3.16,0.52,1.73,603920
2024-05-28,603920,16.84,16.56,17.16,16.5,85100,152243435.0,3.89,-2.47,-0.42,1.57,603920
2024-05-29,603920,16.51,16.5,16.8,16.41,60061,106146894.0,2.36,-0.36,-0.06,1.11,603920
2024-05-30,603920,16.44,16.48,16.87,16.13,75033,132416253.0,4.48,-0.12,-0.02,1.39,603920
2024-05-31,603920,16.51,16.77,16.99,16.41,90436,162174575.0,3.52,1.76,0.29,1.67,603920
2024-06-03,603920,16.84,16.91,17.17,16.63,103043,185695002.0,3.22,0.83,0.14,1.91,603920
2024-06-04,603920,16.94,16.8,17.02,16.43,87546,155493492.0,3.49,-0.65,-0.11,1.62,603920
2024-06-05,603920,16.9,17.43,17.67,16.8,240433,444988741.0,5.18,3.75,0.63,4.45,603920
2024-06-06,603920,17.69,17.42,18.52,17.36,370359,705943662.0,6.66,-0.06,-0.01,6.85,603920
2024-06-07,603920,17.9,17.43,17.97,17.21,214689,401822196.0,4.36,0.06,0.01,3.97,603920
2024-06-11,603920,17.2,18.44,18.45,17.06,268512,509108315.0,7.97,5.79,1.01,4.97,603920
2024-06-12,603920,18.23,18.59,18.97,18.09,296100,584388696.0,4.77,0.81,0.15,5.48,603920
2024-06-13,603920,18.7,18.9,19.52,18.36,325100,652356356.0,6.24,1.67,0.31,6.01,603920
2024-06-14,603920,18.7,19.55,20.1,18.69,345694,712301654.0,7.46,3.44,0.65,6.39,603920
2024-06-17,603920,19.4,19.24,19.55,18.82,217114,440513424.0,3.73,-1.59,-0.31,4.02,603920
2024-06-18,603920,19.11,19.5,20.2,19.05,217089,450231697.0,5.98,1.35,0.26,4.02,603920
2024-06-19,603920,19.52,19.35,19.74,19.15,146930,293362408.0,3.03,-0.77,-0.15,2.72,603920
2024-06-20,603920,19.24,18.76,19.4,18.69,143048,280221343.0,3.67,-3.05,-0.59,2.65,603920
2024-06-21,603920,18.52,18.95,19.1,18.43,106044,206107127.0,3.57,1.01,0.19,1.96,603920
2024-06-24,603920,18.71,18.83,19.84,18.7,169407,336197708.0,6.02,-0.63,-0.12,3.13,603920
2024-06-25,603920,18.68,18.17,18.82,17.96,140785,266112226.0,4.57,-3.51,-0.66,2.6,603920
2024-06-26,603920,18.31,18.9,18.95,18.11,104539,200694881.0,4.62,4.02,0.73,1.93,603920
2024-06-27,603920,18.75,18.65,19.15,18.41,115636,224302145.0,3.92,-1.32,-0.25,2.14,603920
2024-06-28,603920,18.38,19.14,19.55,18.3,159354,315465677.0,6.7,2.63,0.49,2.95,603920
2024-07-01,603920,19.09,18.9,19.25,18.2,121551,233938242.0,5.49,-1.25,-0.24,2.25,603920
2024-07-02,603920,18.95,18.46,19.38,18.25,111563,214562082.0,5.98,-2.33,-0.44,2.06,603920
2024-07-03,603920,18.57,19.12,19.78,18.57,249542,496296054.0,6.55,3.58,0.66,4.62,603920
2024-07-04,603920,19.9,21.09,21.09,19.73,439683,937922957.0,7.11,10.3,1.97,8.13,603920
2024-07-05,603920,21.06,20.78,21.22,19.5,522342,1097251170.0,8.16,-1.47,-0.31,9.66,603920
2024-07-08,603920,20.3,20.3,20.55,19.8,304601,632631296.0,3.61,-2.31,-0.48,5.63,603920
2024-07-09,603920,20.18,21.48,21.7,19.62,415891,892291787.0,10.25,5.81,1.18,7.69,603920
2024-07-10,603920,21.36,23.23,23.69,21.19,582496,1366439221.0,11.64,8.15,1.75,10.77,603920
2024-07-11,603920,23.5,24.91,25.61,23.5,736480,1869387846.0,9.08,7.23,1.68,13.62,603920
2024-07-12,603920,24.15,23.55,24.28,23.48,534401,1305595653.0,3.21,-5.46,-1.36,9.88,603920
2024-07-15,603920,23.79,23.4,24.0,23.13,365178,882388870.0,3.69,-0.64,-0.15,6.75,603920
2024-07-16,603920,22.99,24.6,24.6,22.95,456801,1125422282.0,7.05,5.13,1.2,8.45,603920
2024-07-17,603920,23.99,22.08,24.0,22.08,464952,1088321641.0,7.8,-10.24,-2.52,8.6,603920
2024-07-18,603920,21.31,21.67,21.94,20.88,369125,809971200.0,4.8,-1.86,-0.41,6.83,603920
2024-07-19,603920,21.4,21.12,21.59,21.01,270540,591535933.0,2.68,-2.54,-0.55,5.0,603920
2024-07-22,603920,21.0,21.34,21.46,20.69,242181,526125733.0,3.65,1.04,0.22,4.48,603920
2024-07-23,603920,21.84,21.04,22.08,21.0,323334,716494269.0,5.06,-1.41,-0.3,5.98,603920
2024-07-24,603920,20.47,20.25,21.06,20.17,293283,619210495.0,4.23,-3.75,-0.79,5.42,603920
2024-07-25,603920,19.77,19.55,20.05,19.45,230128,466429184.0,2.96,-3.46,-0.7,4.26,603920
2024-07-26,603920,19.75,19.95,20.31,19.6,187229,383986470.0,3.63,2.05,0.4,3.46,603920
2024-07-29,603920,20.12,19.95,20.47,19.78,154023,318180283.0,3.46,0.0,0.0,2.85,603920
2024-07-30,603920,20.09,20.02,20.37,19.82,170848,353619439.0,2.76,0.35,0.07,3.16,603920
2024-07-31,603920,19.7,20.7,20.8,19.56,254974,534528721.0,6.19,3.4,0.68,4.72,603920
2024-08-01,603920,20.95,20.53,21.06,20.41,194535,413520759.0,3.14,-0.82,-0.17,3.6,603920
2024-08-02,603920,20.01,19.39,20.34,19.37,249446,506654620.0,4.72,-5.55,-1.14,4.61,603920
2024-08-05,603920,18.99,17.82,19.09,17.82,261592,496542310.0,6.55,-8.1,-1.57,4.84,603920
2024-08-06,603920,18.18,18.31,18.53,18.1,152528,287888533.0,2.41,2.75,0.49,2.82,603920
2024-08-07,603920,18.28,18.18,18.4,18.07,90117,169565379.0,1.8,-0.71,-0.13,1.67,603920
2024-08-08,603920,17.87,18.19,18.32,17.69,97789,181942960.0,3.47,0.06,0.01,1.81,603920
2024-08-09,603920,18.5,18.21,18.68,18.21,100565,191063778.0,2.58,0.11,0.02,1.86,603920
2024-08-12,603920,18.14,18.32,18.49,17.97,79692,150466625.0,2.86,0.6,0.11,1.47,603920
2024-08-13,603920,18.26,18.41,18.67,18.08,98470,186300588.0,3.22,0.49,0.09,1.82,603920
2024-08-14,603920,18.56,18.41,18.71,18.17,109341,208307442.0,2.93,0.0,0.0,2.02,603920
2024-08-15,603920,18.38,18.52,18.79,18.25,111330,213306475.0,2.93,0.6,0.11,2.06,603920
2024-08-16,603920,18.65,18.88,19.06,18.6,139998,272558129.0,2.48,1.94,0.36,2.59,603920
2024-08-19,603920,18.8,18.91,19.16,18.66,87258,170434841.0,2.65,0.16,0.03,1.61,603920
2024-08-20,603920,18.9,18.54,19.0,18.44,80976,155752212.0,2.96,-1.96,-0.37,1.5,603920
2024-08-21,603920,18.4,18.71,18.89,18.28,72477,139750117.0,3.29,0.92,0.17,1.34,603920
2024-08-22,603920,18.71,18.39,18.84,18.15,84799,161379065.0,3.69,-1.71,-0.32,1.57,603920
2024-08-23,603920,18.44,18.27,18.58,18.07,87202,165045494.0,2.77,-0.65,-0.12,1.61,603920
2024-08-26,603920,18.44,18.31,18.52,18.05,95954,181228737.0,2.57,0.22,0.04,1.77,603920
2024-08-27,603920,18.22,17.91,18.29,17.85,68717,127923729.0,2.4,-2.18,-0.4,1.27,603920
2024-08-28,603920,17.86,18.15,18.25,17.84,74974,139895331.0,2.29,1.34,0.24,1.39,603920
2024-08-29,603920,18.03,18.51,18.74,17.67,119453,225263443.0,5.9,1.98,0.36,2.21,603920
2024-08-30,603920,18.54,19.61,19.94,18.53,184965,371875207.0,7.62,5.94,1.1,3.42,603920
2024-09-02,603920,19.46,18.97,19.77,18.93,122569,243350742.0,4.28,-3.26,-0.64,2.27,603920
2024-09-03,603920,18.91,19.14,19.47,18.84,95167,188114675.0,3.32,0.9,0.17,1.76,603920
2024-09-04,603920,18.75,19.62,19.9,18.39,184588,365656721.0,7.89,2.51,0.48,3.41,603920
2024-09-05,603920,19.92,21.64,21.64,19.92,389730,845913115.0,8.77,10.3,2.02,7.21,603920
2024-09-06,603920,22.06,21.08,22.27,20.87,361074,792340364.0,6.47,-2.59,-0.56,6.68,603920
2024-09-09,603920,20.23,20.85,20.98,20.0,228107,480518556.0,4.65,-1.09,-0.23,4.22,603920
2024-09-10,603920,21.0,20.52,21.05,19.81,218905,457340837.0,5.95,-1.58,-0.33,4.05,603920
2024-09-11,603920,20.52,20.11,20.92,19.98,195612,411396645.0,4.58,-2.0,-0.41,3.62,603920
2024-09-12,603920,20.09,19.21,20.49,19.1,217428,440826078.0,6.91,-4.48,-0.9,4.02,603920
2024-09-13,603920,19.21,19.65,20.35,19.08,235055,481017672.0,6.61,2.29,0.44,4.35,603920
2024-09-18,603920,19.64,18.73,19.81,18.68,140480,275977784.0,5.75,-4.68,-0.92,2.6,603920
2024-09-19,603920,18.84,19.28,19.38,18.41,155659,304762547.0,5.18,2.94,0.55,2.88,603920
2024-09-20,603920,19.95,19.62,20.44,19.54,186263,380485555.0,4.67,1.76,0.34,3.45,603920
2024-09-23,603920,19.1,19.26,20.05,18.65,156334,312958711.0,7.14,-1.83,-0.36,2.89,603920
2024-09-24,603920,20.06,20.66,20.78,19.45,293179,611021069.0,6.91,7.27,1.4,5.42,603920
2024-09-25,603920,20.53,20.16,21.22,20.13,286743,608821653.0,5.28,-2.42,-0.5,5.3,603920
2024-09-26,603920,20.16,21.37,21.37,20.16,288787,620284255.0,6.0,6.0,1.21,5.34,603920
2024-09-27,603920,21.24,22.55,22.65,21.0,225484,504001391.0,7.72,5.52,1.18,4.17,603920
2024-09-30,603920,23.07,24.87,24.87,22.53,352461,862439894.0,10.38,10.29,2.32,6.44,603920
2024-10-08,603920,27.42,27.42,27.42,24.87,353019,958202604.0,10.25,10.25,2.55,6.45,603920
2024-10-09,603920,26.41,28.61,30.12,25.4,432445,1233948389.0,17.21,4.34,1.19,7.9,603920
2024-10-10,603920,27.46,26.1,27.67,25.69,412874,1107650442.0,6.92,-8.77,-2.51,7.54,603920
2024-10-11,603920,25.09,23.56,25.8,23.5,332004,828633492.0,8.81,-9.73,-2.54,6.06,603920
2024-10-14,603920,23.37,24.04,24.06,22.41,277912,662550173.0,7.0,2.04,0.48,5.08,603920
2024-10-15,603920,23.6,22.8,23.9,22.78,288190,689671122.0,4.66,-5.16,-1.24,5.26,603920
2024-10-16,603920,22.3,21.14,22.4,20.75,677381,1482830468.0,7.24,-7.28,-1.66,10.18,603920
2024-10-17,603920,21.14,21.4,22.0,20.95,442745,979870445.0,4.97,1.23,0.26,6.65,603920
2024-10-18,603920,21.39,23.12,23.6,21.28,714619,1680621127.0,10.84,8.04,1.72,10.74,603920
2024-10-21,603920,23.37,23.84,24.47,23.01,655685,1604346024.0,6.31,3.11,0.72,9.85,603920
2024-10-22,603920,24.28,25.08,26.12,23.81,594629,1511315231.0,9.69,5.2,1.24,8.93,603920
2024-10-23,603920,24.43,26.25,26.9,24.19,597065,1556026327.0,10.81,4.67,1.17,8.97,603920
2024-10-24,603920,26.86,26.31,28.01,25.75,593039,1618123645.0,8.61,0.23,0.06,8.91,603920
2024-10-25,603920,27.42,26.2,27.89,25.9,491472,1337644011.0,7.56,-0.42,-0.11,7.38,603920
2024-10-28,603920,26.18,25.25,26.2,24.52,457695,1179894778.0,6.41,-3.63,-0.95,6.88,603920
2024-10-29,603920,24.78,27.01,27.84,24.7,757507,2065805159.0,12.44,6.97,1.76,11.38,603920
2024-10-30,603920,26.4,27.4,28.08,25.8,624388,1728239908.0,8.44,1.44,0.39,9.38,603920
2024-10-31,603920,27.2,29.0,29.57,26.75,616426,1770487288.0,10.29,5.84,1.6,9.26,603920
2024-11-01,603920,28.33,27.19,28.98,27.1,504180,1430307442.0,6.48,-6.24,-1.81,7.58,603920
2024-11-04,603920,27.19,27.06,28.75,26.7,400816,1129727470.0,7.54,-0.48,-0.13,6.02,603920
2024-11-05,603920,26.78,29.2,29.66,26.61,574970,1665321092.0,11.27,7.91,2.14,8.64,603920
2024-11-06,603920,29.77,32.02,32.18,28.91,794703,2507878859.0,11.2,9.66,2.82,11.94,603920
2024-11-07,603920,32.4,31.13,32.65,30.72,503737,1618305128.0,6.03,-2.78,-0.89,7.57,603920
2024-11-08,603920,30.76,32.73,34.08,30.75,482228,1600210322.0,10.7,5.14,1.6,7.25,603920
2024-11-11,603920,33.01,34.43,36.06,33.01,517954,1825565245.0,9.32,5.19,1.7,7.78,603920
2024-11-12,603920,34.7,34.57,36.81,33.51,473242,1692718733.0,9.58,0.41,0.14,7.11,603920
2024-11-13,603920,33.4,32.4,33.47,31.53,521093,1715319171.0,5.61,-6.28,-2.17,7.83,603920
2024-11-14,603920,31.95,31.86,33.38,31.68,324710,1074603172.0,5.25,-1.67,-0.54,4.88,603920
2024-11-15,603920,31.65,30.1,31.86,30.09,355716,1122841998.0,5.56,-5.52,-1.76,5.34,603920
2024-11-18,603920,30.6,30.76,31.53,30.13,313692,989292432.0,4.65,2.19,0.66,4.71,603920
2024-11-19,603920,31.35,33.11,33.18,31.35,407883,1348527210.0,5.95,7.64,2.35,6.13,603920
2024-11-20,603920,33.27,32.93,33.6,32.25,304682,1018505667.0,4.08,-0.54,-0.18,4.58,603920
2024-11-21,603920,32.49,32.55,33.08,31.72,203939,675286273.0,4.13,-1.15,-0.38,3.06,603920
2024-11-22,603920,32.24,29.71,32.9,29.59,360079,1140048539.0,10.17,-8.73,-2.84,5.41,603920
2024-11-25,603920,29.5,29.98,30.24,28.73,220229,665018212.0,5.08,0.91,0.27,3.31,603920
2024-11-26,603920,29.72,28.82,29.72,28.76,207873,618037796.0,3.2,-3.87,-1.16,3.12,603920
2024-11-27,603920,28.4,29.37,29.39,27.4,260822,756802946.0,6.9,1.91,0.55,3.92,603920
2024-11-28,603920,29.1,28.69,29.64,28.47,179582,531104858.0,3.98,-2.32,-0.68,2.7,603920
2024-11-29,603920,28.5,30.28,31.15,28.41,300327,916524940.0,9.55,5.54,1.59,4.51,603920
2024-12-02,603920,30.2,32.42,32.65,30.2,336577,1085350346.0,8.09,7.07,2.14,4.68,603920
2024-12-03,603920,32.28,31.36,32.69,30.78,253441,814601020.0,5.89,-3.27,-1.06,3.52,603920
2024-12-04,603920,31.1,31.54,32.51,31.08,199708,645203041.0,4.56,0.57,0.18,2.78,603920
2024-12-05,603920,31.24,30.82,31.81,30.4,260348,821175276.0,4.47,-2.28,-0.72,3.62,603920
2024-12-06,603920,30.74,30.78,31.29,30.25,176248,553204949.0,3.37,-0.13,-0.04,2.45,603920
2024-12-09,603920,30.79,31.2,31.8,30.77,201846,643385420.0,3.35,1.36,0.42,2.81,603920
2024-12-10,603920,32.3,32.04,32.9,31.22,279489,918300652.0,5.38,2.69,0.84,3.89,603920
2024-12-11,603920,31.9,32.91,33.55,31.41,226858,755100470.0,6.68,2.72,0.87,3.15,603920
2024-12-12,603920,33.37,32.5,33.55,32.29,168723,562290994.0,3.83,-1.25,-0.41,2.35,603920
2024-12-13,603920,32.1,30.83,32.55,30.79,232560,745348576.0,5.42,-5.14,-1.67,3.23,603920
2024-12-16,603920,30.84,30.13,31.05,29.98,156316,484810154.0,3.47,-2.27,-0.7,2.17,603920
2024-12-17,603920,30.3,29.89,31.32,29.75,191768,599041465.0,5.21,-0.8,-0.24,2.67,603920
2024-12-18,603920,30.0,30.31,30.8,29.46,164154,506919177.0,4.48,1.41,0.42,2.28,603920
2024-12-19,603920,29.6,30.18,30.53,29.4,122332,374621530.0,3.73,-0.43,-0.13,1.7,603920
2024-12-20,603920,30.15,31.22,31.45,29.91,186782,588099572.0,5.1,3.45,1.04,2.6,603920
2024-12-23,603920,31.05,28.66,31.19,28.45,304917,914907704.0,8.78,-8.2,-2.56,4.24,603920
2024-12-24,603920,28.6,28.52,29.38,28.0,244085,709475470.0,4.82,-0.49,-0.14,3.39,603920
2024-12-25,603920,28.8,28.23,28.85,27.1,215566,613921233.0,6.14,-1.02,-0.29,3.0,603920
2024-12-26,603920,28.21,29.37,29.45,28.09,237510,701380129.0,4.82,4.04,1.14,3.3,603920
2024-12-27,603920,29.89,30.58,31.35,29.37,355737,1108186968.0,6.74,4.12,1.21,4.94,603920
2024-12-30,603920,30.2,30.49,31.3,29.78,204694,636914223.0,4.97,-0.29,-0.09,2.85,603920
2024-12-31,603920,30.49,28.8,30.74,28.8,267431,805149757.0,6.36,-5.54,-1.69,3.72,603920
2025-01-02,603920,28.61,28.77,29.56,28.28,191827,567690306.0,4.44,-0.1,-0.03,2.67,603920
2025-01-03,603920,28.58,27.9,29.4,27.76,184037,538668786.0,5.7,-3.02,-0.87,2.56,603920
2025-01-06,603920,28.13,28.22,29.75,27.72,187890,548777237.0,7.28,1.15,0.32,2.61,603920
2025-01-07,603920,28.2,28.71,28.89,27.83,176781,513150264.0,3.76,1.74,0.49,2.46,603920
2025-01-08,603920,28.43,28.93,29.16,27.68,202117,585042191.0,5.15,0.77,0.22,2.81,603920
2025-01-09,603920,28.79,31.88,31.88,28.77,500249,1572118410.0,10.75,10.2,2.95,6.95,603920
2025-01-10,603920,31.5,30.98,32.52,30.92,386334,1246691537.0,5.02,-2.82,-0.9,5.37,603920
2025-01-13,603920,30.3,30.79,31.15,29.8,210207,654562050.0,4.36,-0.61,-0.19,2.92,603920
2025-01-14,603920,30.98,33.11,33.19,30.3,342056,1121180575.0,9.39,7.53,2.32,4.75,603920
2025-01-15,603920,32.98,32.48,33.37,32.11,204308,677653388.0,3.81,-1.9,-0.63,2.84,603920
2025-01-16,603920,32.89,31.82,33.06,31.38,219103,715647667.0,5.17,-2.03,-0.66,3.05,603920
2025-01-17,603920,31.75,32.79,33.28,31.41,246799,820018711.0,5.88,3.05,0.97,3.43,603920
2025-01-20,603920,33.38,34.05,34.4,32.73,295714,1013258689.0,5.09,3.84,1.26,4.11,603920
2025-01-21,603920,33.73,33.76,34.34,33.36,219379,756622207.0,2.88,-0.85,-0.29,3.05,603920
2025-01-22,603920,33.5,34.4,35.34,33.3,264179,927002476.0,6.04,1.9,0.64,3.67,603920
2025-01-23,603920,34.4,32.93,35.23,32.75,299771,1030424766.0,7.21,-4.27,-1.47,4.17,603920
2025-01-24,603920,32.78,33.9,34.24,32.3,251581,849494013.0,5.89,2.95,0.97,3.5,603920
2025-01-27,603920,33.42,31.69,33.51,31.56,204676,670731127.0,5.75,-6.52,-2.21,2.85,603920
2025-02-05,603920,31.98,29.98,32.04,29.32,284165,870677593.0,8.58,-5.4,-1.71,3.95,603920
2025-02-06,603920,30.1,33.04,33.04,30.0,381195,1234137072.0,10.14,10.21,3.06,5.3,603920
2025-02-07,603920,34.21,36.4,36.4,34.21,625721,2280406776.0,6.63,10.17,3.36,8.7,603920
2025-02-10,603920,37.03,36.36,37.16,35.17,570691,2088163013.0,5.47,-0.11,-0.04,7.93,603920
2025-02-11,603920,36.61,36.3,36.84,35.76,303488,1120878983.0,2.97,-0.17,-0.06,4.22,603920
2025-02-12,603920,36.11,37.7,38.19,35.8,394426,1498393618.0,6.58,3.86,1.4,5.48,603920
2025-02-13,603920,37.5,35.62,37.88,35.53,333729,1242027672.0,6.23,-5.52,-2.08,4.64,603920
2025-02-14,603920,35.99,35.27,36.36,34.93,229199,829068503.0,4.01,-0.98,-0.35,3.19,603920
2025-02-17,603920,36.16,37.98,38.52,36.13,434616,1664565003.0,6.78,7.68,2.71,6.04,603920
2025-02-18,603920,38.15,35.46,40.23,35.11,593881,2238755141.0,13.48,-6.64,-2.52,8.26,603920
2025-02-19,603920,34.35,36.86,37.05,34.22,393528,1446978943.0,7.98,3.95,1.4,5.47,603920
2025-02-20,603920,37.0,36.22,37.48,35.78,239753,885547878.0,4.61,-1.74,-0.64,3.33,603920
2025-02-21,603920,36.14,38.92,39.17,35.9,407226,1559349997.0,9.03,7.45,2.7,5.66,603920
2025-02-24,603920,38.6,37.49,38.6,37.04,370623,1414443807.0,4.01,-3.67,-1.43,5.15,603920
2025-02-25,603920,38.13,37.97,39.06,37.02,384418,1482074556.0,5.44,1.28,0.48,5.34,603920
2025-02-26,603920,37.2,36.65,37.2,35.9,436671,1614120174.0,3.42,-3.48,-1.32,6.07,603920
2025-02-27,603920,36.4,34.08,36.4,33.1,569690,1996528089.0,9.0,-7.01,-2.57,7.92,603920
2025-02-28,603920,33.0,31.57,33.6,31.11,451539,1479604446.0,7.31,-7.37,-2.51,6.28,603920
2025-03-03,603920,31.75,30.53,31.89,30.22,270729,854794627.0,5.29,-3.29,-1.04,3.76,603920
2025-03-04,603920,30.18,31.23,31.45,30.05,221828,699994248.0,4.59,2.29,0.7,3.08,603920
2025-03-05,603920,31.1,31.31,31.55,30.51,269307,850524818.0,3.33,0.26,0.08,3.74,603920
2025-03-06,603920,31.51,32.4,32.58,31.26,343923,1123313730.0,4.22,3.48,1.09,4.78,603920
2025-03-07,603920,31.91,31.5,32.26,31.28,216922,701692793.0,3.02,-2.78,-0.9,3.02,603920
2025-03-10,603920,31.29,31.24,31.88,30.77,210545,668540025.0,3.52,-0.83,-0.26,2.93,603920
2025-03-11,603920,30.42,30.16,31.14,29.99,277304,860000450.0,3.68,-3.46,-1.08,3.85,603920
2025-03-12,603920,30.4,30.52,30.88,30.27,234343,731054102.0,2.02,1.19,0.36,3.26,603920
2025-03-13,603920,30.76,29.76,30.88,29.4,284579,878528352.0,4.85,-2.49,-0.76,3.96,603920
2025-03-14,603920,29.7,31.22,31.36,29.6,375697,1179958536.0,5.91,4.91,1.46,5.22,603920
2025-03-17,603920,31.36,31.24,31.6,30.61,240892,761386081.0,3.17,0.06,0.02,3.35,603920
2025-03-18,603920,31.18,31.71,31.9,30.77,324683,1036756412.0,3.62,1.5,0.47,4.51,603920
2025-03-19,603920,31.4,30.57,31.4,30.43,255427,804428011.0,3.06,-3.6,-1.14,3.55,603920
2025-03-20,603920,30.56,30.78,31.25,30.51,154803,488597320.0,2.42,0.69,0.21,2.15,603920
2025-03-21,603920,30.66,30.01,30.97,29.68,162042,498997862.0,4.19,-2.5,-0.77,2.25,603920
2025-03-24,603920,30.13,29.79,30.34,28.9,177977,535875990.0,4.8,-0.73,-0.22,2.47,603920
2025-03-25,603920,30.39,28.99,30.85,28.9,184775,558503771.0,6.55,-2.69,-0.8,2.57,603920
2025-03-26,603920,28.87,28.43,29.38,28.4,210679,618204418.0,3.38,-1.93,-0.56,2.93,603920
2025-03-27,603920,28.28,28.58,29.15,27.9,171509,499902267.0,4.4,0.53,0.15,2.38,603920
2025-03-28,603920,28.57,28.54,28.89,28.41,99149,289794891.0,1.68,-0.14,-0.04,1.38,603920
2025-03-31,603920,28.4,29.2,29.21,27.87,167921,487801705.0,4.7,2.31,0.66,2.33,603920
2025-04-01,603920,29.33,29.69,29.95,28.91,197087,592302590.0,3.56,1.68,0.49,2.74,603920
2025-04-02,603920,29.77,30.3,30.88,29.72,214951,668044977.0,3.91,2.05,0.61,2.98,603920
2025-04-03,603920,29.7,28.09,30.08,27.56,354831,1039094782.0,8.32,-7.29,-2.21,4.93,603920
2025-04-07,603920,25.22,25.22,25.22,25.22,29358,75802356.0,0.0,-10.22,-2.87,0.41,603920
2025-04-08,603920,22.64,22.64,23.38,22.64,135594,316470353.0,2.93,-10.23,-2.58,1.88,603920
2025-04-09,603920,20.6,23.02,23.83,20.32,591217,1298391887.0,15.5,1.68,0.38,8.21,603920
2025-04-10,603920,24.36,23.7,24.88,23.7,426976,1060552895.0,5.13,2.95,0.68,5.93,603920
2025-04-11,603920,23.62,24.69,25.18,23.25,308742,768269660.0,8.14,4.18,0.99,4.29,603920
2025-04-14,603920,25.56,24.71,25.75,24.52,239136,611695548.0,4.98,0.08,0.02,3.32,603920
2025-04-15,603920,24.71,24.65,24.89,24.31,135325,341197857.0,2.35,-0.24,-0.06,1.88,603920
2025-04-16,603920,24.6,23.29,24.6,23.01,262723,635420621.0,6.45,-5.52,-1.36,3.65,603920
2025-04-17,603920,23.27,23.43,23.89,23.27,172374,416974374.0,2.66,0.6,0.14,2.39,603920
2025-04-18,603920,23.64,23.37,23.74,22.97,183560,438889022.0,3.29,-0.26,-0.06,2.55,603920
2025-04-21,603920,23.37,24.43,24.56,23.21,214498,528555739.0,5.78,4.54,1.06,2.98,603920
2025-04-22,603920,24.26,24.13,24.42,23.9,148724,368098825.0,2.13,-1.23,-0.3,2.06,603920
2025-04-23,603920,25.0,25.15,25.65,24.81,291750,753656165.0,3.48,4.23,1.02,4.05,603920
2025-04-24,603920,25.15,24.73,25.29,24.64,148899,379703430.0,2.58,-1.67,-0.42,2.07,603920
2025-04-25,603920,24.98,25.05,25.54,24.86,193815,501220842.0,2.75,1.29,0.32,2.69,603920
2025-04-28,603920,24.95,24.81,25.48,24.73,140525,360196947.0,2.99,-0.96,-0.24,1.95,603920
2025-04-29,603920,24.6,25.0,25.12,24.29,111566,284065821.0,3.35,0.77,0.19,1.55,603920
2025-04-30,603920,25.05,25.91,26.11,25.04,246823,650666293.0,4.28,3.64,0.91,3.43,603920
2025-05-06,603920,26.2,26.91,27.07,26.0,224207,610010227.0,4.13,3.86,1.0,3.11,603920
2025-05-07,603920,27.3,26.36,27.48,26.08,219004,595137571.0,5.2,-2.04,-0.55,3.04,603920
2025-05-08,603920,26.25,26.78,27.02,26.25,163554,447596494.0,2.92,1.59,0.42,2.27,603920
2025-05-09,603920,26.72,26.02,26.74,25.83,158079,422516673.0,3.4,-2.84,-0.76,2.19,603920
2025-05-12,603920,26.7,27.1,27.1,26.45,198405,544097821.0,2.5,4.15,1.08,2.75,603920
2025-05-13,603920,28.06,26.85,28.07,26.65,241743,673071328.0,5.24,-0.92,-0.25,3.36,603920
2025-05-14,603920,26.8,26.83,27.54,26.52,186173,512796888.0,3.8,-0.07,-0.02,2.58,603920
2025-05-15,603920,26.7,25.77,26.76,25.73,187445,499836047.0,3.84,-3.95,-1.06,2.6,603920
2025-05-16,603920,25.64,26.01,26.5,25.64,159533,426663118.0,3.34,0.93,0.24,2.21,603920
2025-05-19,603920,25.8,25.43,25.95,25.07,176265,458381960.0,3.38,-2.23,-0.58,2.45,603920
2025-05-20,603920,25.4,25.8,25.85,25.26,119722,313723107.0,2.32,1.45,0.37,1.66,603920
2025-05-21,603920,25.68,25.95,26.19,25.29,164453,433729003.0,3.49,0.58,0.15,2.28,603920
2025-05-22,603920,25.7,25.33,26.19,25.29,156287,409977543.0,3.47,-2.39,-0.62,2.17,603920
2025-05-23,603920,25.3,25.4,26.4,25.28,190618,502508394.0,4.42,0.28,0.07,2.65,603920
2025-05-26,603920,25.37,26.09,26.2,25.26,172908,455750565.0,3.7,2.72,0.69,2.4,603920
2025-05-27,603920,25.89,24.99,25.9,24.89,253965,655553735.0,3.87,-4.22,-1.1,3.52,603920
2025-05-28,603920,25.12,25.13,26.4,25.02,161423,419722901.0,5.52,0.56,0.14,2.24,603920
2025-05-29,603920,25.13,26.26,26.45,25.13,338101,900248596.0,5.25,4.5,1.13,4.69,603920
2025-05-30,603920,26.0,25.62,26.0,25.25,212723,555976686.0,2.86,-2.44,-0.64,2.95,603920
2025-06-03,603920,25.4,25.57,25.66,25.32,116330,303652549.0,1.33,-0.2,-0.05,1.61,603920
2025-06-04,603920,25.67,26.36,26.5,25.6,242886,637272187.0,3.52,3.09,0.79,3.37,603920
2025-06-05,603920,26.23,27.57,27.72,26.12,337916,917251553.0,6.07,4.59,1.21,4.69,603920
2025-06-06,603920,26.98,25.98,26.98,25.86,500128,1313730723.0,4.06,-5.77,-1.59,6.94,603920
2025-06-09,603920,26.17,26.4,26.8,26.15,289374,765710309.0,2.5,1.62,0.42,4.02,603920
2025-06-10,603920,26.62,25.93,26.62,25.55,255036,662214807.0,4.05,-1.78,-0.47,3.54,603920
2025-06-11,603920,26.15,26.92,27.8,26.06,554804,1510034420.0,6.71,3.82,0.99,7.7,603920
2025-06-12,603920,26.77,26.8,27.34,26.71,284046,766832834.0,2.34,-0.45,-0.12,3.94,603920
2025-06-13,603920,26.53,26.42,26.99,26.06,250712,661907245.0,3.47,-1.42,-0.38,3.48,603920
2025-06-16,603920,26.22,27.01,27.5,26.14,303463,823114389.0,5.15,2.23,0.59,4.21,603920
2025-06-17,603920,27.05,26.66,27.2,26.44,238929,638997045.0,2.81,-1.3,-0.35,3.32,603920
2025-06-18,603920,26.51,27.81,28.0,26.35,530866,1453886621.0,6.19,4.31,1.15,7.37,603920
2025-06-19,603920,27.8,27.55,28.27,27.31,331416,919130940.0,3.45,-0.93,-0.26,4.6,603920
2025-06-20,603920,27.54,26.93,27.76,26.57,331010,891424202.0,4.32,-2.25,-0.62,4.59,603920
2025-06-23,603920,26.45,26.85,26.97,26.39,235181,627405353.0,2.15,-0.3,-0.08,3.26,603920
2025-06-24,603920,27.68,29.54,29.54,27.68,695487,2027348249.0,6.93,10.02,2.69,9.65,603920
2025-06-25,603920,29.67,29.91,30.3,29.28,880675,2620199193.0,3.45,1.25,0.37,12.22,603920
2025-06-26,603920,29.6,29.77,30.76,29.55,599965,1798532138.0,4.05,-0.47,-0.14,8.33,603920
2025-06-27,603920,30.0,30.1,30.43,29.42,523098,1569328100.0,3.39,1.11,0.33,7.26,603920
2025-06-30,603920,30.55,30.51,30.89,29.83,542449,1644214280.0,3.52,1.36,0.41,7.53,603920
2025-07-01,603920,30.3,30.01,30.51,29.7,383064,1151782501.0,2.65,-1.64,-0.5,5.32,603920
2025-07-02,603920,29.56,28.75,29.57,28.65,373392,1079135890.0,3.07,-4.2,-1.26,5.18,603920
2025-07-03,603920,28.95,29.77,29.77,28.82,350469,1029632285.0,3.3,3.55,1.02,4.86,603920
2025-07-04,603920,29.5,29.92,30.42,29.47,458140,1375645495.0,3.19,0.5,0.15,6.36,603920
2025-07-07,603920,29.55,29.15,30.15,29.11,275489,809033579.0,3.48,-2.57,-0.77,3.82,603920
2025-07-08,603920,29.0,30.74,30.99,28.89,601661,1832411945.0,7.2,5.45,1.59,8.35,603920
2025-07-09,603920,30.79,30.48,31.09,30.25,364487,1116488836.0,2.73,-0.85,-0.26,5.06,603920
2025-07-10,603920,30.6,30.11,30.75,29.82,281406,848296551.0,3.05,-1.21,-0.37,3.91,603920
2025-07-11,603920,30.11,29.73,30.26,29.55,301731,898943058.0,2.36,-1.26,-0.38,4.19,603920
2025-07-14,603920,29.97,29.79,30.08,29.6,175014,522067696.0,1.61,0.2,0.06,2.43,603920
2025-07-15,603920,29.7,31.1,31.4,29.65,550523,1684635591.0,5.87,4.4,1.31,7.64,603920
2025-07-16,603920,31.0,30.19,31.0,30.06,355192,1079321275.0,3.02,-2.93,-0.91,4.93,603920
2025-07-17,603920,30.49,31.5,31.65,30.35,598098,1865827415.0,4.31,4.34,1.31,8.3,603920
2025-07-18,603920,31.6,31.14,31.97,31.06,390440,1225285989.0,2.89,-1.14,-0.36,5.42,603920
2025-07-21,603920,31.5,32.16,32.47,30.81,476953,1507780368.0,5.33,3.28,1.02,6.62,603920
2025-07-22,603920,31.74,31.88,32.61,31.66,414470,1326086585.0,2.95,-0.87,-0.28,5.75,603920
2025-07-23,603920,31.51,31.98,32.31,31.05,367201,1160618627.0,3.95,0.31,0.1,5.1,603920
2025-07-24,603920,31.77,32.67,32.7,31.68,434682,1406489946.0,3.19,2.16,0.69,6.03,603920
2025-07-25,603920,32.35,32.4,32.93,32.03,267261,864045282.0,2.75,-0.83,-0.27,3.71,603920
2025-07-28,603920,33.5,35.09,35.59,33.3,796636,2749579156.0,7.07,8.3,2.69,11.06,603920
2025-07-29,603920,34.52,35.49,35.55,34.52,419647,1471708354.0,2.94,1.14,0.4,5.82,603920
2025-07-30,603920,35.23,34.9,35.43,34.32,345421,1203629361.0,3.13,-1.66,-0.59,4.79,603920
2025-07-31,603920,35.18,34.09,36.02,33.95,496788,1728115312.0,5.93,-2.32,-0.81,6.89,603920
2025-08-01,603920,33.9,33.59,35.38,33.47,447520,1534877496.0,5.6,-1.47,-0.5,6.21,603920
2025-08-04,603920,33.18,33.0,33.79,32.68,403941,1334635989.0,3.3,-1.76,-0.59,5.61,603920
2025-08-05,603920,33.52,32.68,33.52,32.32,297432,973129486.0,3.64,-0.97,-0.32,4.13,603920
2025-08-06,603920,32.5,32.79,33.11,32.46,290101,950997949.0,1.99,0.34,0.11,4.03,603920
2025-08-07,603920,33.29,32.62,33.5,32.08,358659,1173417991.0,4.33,-0.52,-0.17,4.98,603920
2025-08-08,603920,32.07,32.0,32.54,31.6,285435,916453326.0,2.88,-1.9,-0.62,3.96,603920
2025-08-11,603920,31.38,33.9,34.25,31.36,655702,2193906535.0,9.03,5.94,1.9,9.1,603920
2025-08-12,603920,34.0,33.63,34.09,33.42,275223,926841888.0,1.98,-0.8,-0.27,3.82,603920
2025-08-13,603920,33.66,36.99,36.99,33.43,683125,2425457735.0,10.59,9.99,3.36,9.48,603920
2025-08-14,603920,37.3,36.9,37.95,36.7,616426,2302040850.0,3.38,-0.24,-0.09,8.55,603920
2025-08-15,603920,36.69,36.79,37.37,36.38,383999,1415073893.0,2.68,-0.3,-0.11,5.33,603920
2025-08-18,603920,36.78,36.7,37.66,36.22,412346,1523767408.0,3.91,-0.24,-0.09,5.72,603920
2025-08-19,603920,36.63,37.27,37.46,35.92,352983,1298287012.0,4.2,1.55,0.57,4.9,603920
2025-08-20,603920,37.05,38.17,38.38,36.38,454645,1714831403.0,5.37,2.41,0.9,6.31,603920
2025-08-21,603920,38.01,37.09,38.11,36.58,315228,1173925528.0,4.01,-2.83,-1.08,4.37,603920
2025-08-22,603920,37.0,37.4,38.9,36.66,396490,1489665727.0,6.04,0.84,0.31,5.5,603920
2025-08-25,603920,37.46,37.16,37.72,36.55,392925,1453136880.0,3.13,-0.64,-0.24,5.45,603920
2025-08-26,603920,37.17,36.32,37.8,36.2,464137,1713956858.0,4.31,-2.26,-0.84,6.44,603920
2025-08-27,603920,36.77,35.71,38.4,35.68,684677,2567279237.0,7.49,-1.68,-0.61,9.5,603920
2025-08-28,603920,35.4,37.02,37.04,35.32,483944,1750477594.0,4.82,3.67,1.31,6.72,603920
2025-08-29,603920,37.09,39.67,39.85,36.61,677847,2615120733.0,8.75,7.16,2.65,9.41,603920
2025-09-01,603920,39.7,39.55,39.99,38.45,473457,1865305569.0,3.88,-0.3,-0.12,6.57,603920
2025-09-02,603920,39.55,36.9,40.38,36.55,500093,1898616610.0,9.68,-6.7,-2.65,6.94,603920
2025-09-03,603920,37.4,37.16,38.99,36.9,403459,1527159631.0,5.66,0.7,0.26,5.6,603920
2025-09-04,603920,37.2,34.51,38.36,33.71,438738,1570240000.0,12.51,-7.13,-2.65,6.09,603920
2025-09-05,603920,34.71,37.96,37.96,34.71,437645,1612640405.0,9.42,10.0,3.45,6.07,603920
2025-09-08,603920,39.5,41.07,41.76,39.5,946030,3897569456.0,5.95,8.19,3.11,13.13,603920
2025-09-09,603920,39.64,41.52,42.69,39.64,641030,2653850615.0,7.43,1.1,0.45,8.9,603920
2025-09-10,603920,41.0,40.69,42.24,40.59,417589,1720213557.0,3.97,-2.0,-0.83,5.8,603920
2025-09-11,603920,40.76,42.55,42.55,40.33,471874,1970116514.0,5.46,4.57,1.86,6.55,603920
2025-09-12,603920,42.4,41.89,42.7,41.6,331046,1390708580.0,2.59,-1.55,-0.66,4.59,603920
2025-09-15,603920,42.74,41.88,43.99,41.77,424472,1812732167.0,5.3,-0.02,-0.01,5.89,603920
2025-09-16,603920,41.89,46.07,46.07,41.88,561290,2539679125.0,10.0,10.0,4.19,7.79,603920
2025-09-17,603920,48.6,49.65,50.55,47.6,787084,3856911206.0,6.4,7.77,3.58,10.92,603920
2025-09-18,603920,50.64,48.01,51.35,47.0,759511,3743541706.0,8.76,-3.3,-1.64,10.54,603920
2025-09-19,603920,48.99,47.12,49.15,46.85,438390,2091472885.0,4.79,-1.85,-0.89,6.08,603920
2025-09-22,603920,47.12,47.31,47.99,46.2,416106,1960601351.0,3.8,0.4,0.19,5.77,603920
2025-09-23,603920,48.08,46.14,48.3,44.68,410692,1898633691.0,7.65,-2.47,-1.17,5.7,603920
2025-09-24,603920,45.58,45.62,45.99,44.4,311019,1402565292.0,3.45,-1.13,-0.52,4.32,603920
2025-09-25,603920,45.75,46.01,47.36,45.35,368313,1709787519.0,4.41,0.85,0.39,5.11,603920
2025-09-26,603920,45.5,43.5,46.17,43.27,353047,1566463772.0,6.3,-5.46,-2.51,4.9,603920
2025-09-29,603920,44.14,46.33,46.42,43.99,321452,1462303222.0,5.59,6.51,2.83,4.46,603920
2025-09-30,603920,46.0,45.59,46.28,45.11,227296,1036527261.0,2.53,-1.6,-0.74,3.15,603920
2025-10-09,603920,46.99,46.25,47.5,46.09,343532,1606055935.0,3.09,1.45,0.66,4.77,603920
2025-10-10,603920,45.82,43.38,46.18,43.27,317499,1411633164.0,6.29,-6.21,-2.87,4.41,603920
2025-10-13,603920,40.21,41.53,42.0,40.21,313417,1291714129.0,4.13,-4.26,-1.85,4.35,603920
2025-10-14,603920,42.27,39.86,42.99,39.5,313631,1288664475.0,8.4,-4.02,-1.67,4.35,603920
2025-10-15,603920,39.8,41.5,41.62,39.11,258292,1046868565.0,6.3,4.11,1.64,3.58,603920
2025-10-16,603920,40.9,41.07,41.6,40.71,144618,594564810.0,2.14,-1.04,-0.43,2.01,603920
2025-10-17,603920,40.93,39.18,41.05,39.12,175750,700193148.0,4.7,-4.6,-1.89,2.44,603920
2025-10-20,603920,40.35,39.9,41.5,39.5,235676,954162192.0,5.1,1.84,0.72,3.27,603920
2025-10-21,603920,40.03,41.05,41.35,39.53,226760,922019809.0,4.56,2.88,1.15,3.15,603920
2025-10-22,603920,40.7,40.51,41.42,40.37,152821,623227471.0,2.56,-1.32,-0.54,2.12,603920
2025-10-23,603920,40.02,40.34,40.38,39.29,140475,559350803.0,2.69,-0.42,-0.17,1.95,603920
2025-10-24,603920,40.96,42.68,42.93,40.57,286013,1196228364.0,5.85,5.8,2.34,3.97,603920
2025-10-27,603920,43.36,43.14,43.68,42.34,305304,1313515978.0,3.14,1.08,0.46,4.24,603920
2025-10-28,603920,42.65,43.53,44.12,42.52,244757,1062311622.0,3.71,0.9,0.39,3.4,603920
2025-10-29,603920,43.8,43.65,44.59,42.55,311056,1350669059.0,4.69,0.28,0.12,4.32,603920
2025-10-30,603920,43.45,42.39,44.25,42.25,248252,1064155401.0,4.58,-2.89,-1.26,3.45,603920
