opendate,trade,changeratio,turnover,netamount,ratioamount
2021-09-24,8.91,-0.0660377,537.072,-36040767.5,-0.155599
2021-09-27,8.01,-0.1,608.67,-80189931.0,-0.338518
2021-09-28,7.83,-0.0224719,446.654,-6817310.0,-0.0414746
2021-09-29,7.39,-0.0549872,361.682,-30195690.28,-0.234526
2021-09-30,7.7,0.0461957,232.018,19769583.5,0.238191
2021-10-08,8.1,0.0519481,348.84,22753393.8,0.170906
2021-10-11,7.65,-0.0578818,385.374,-28853695.15,-0.204891
2021-10-12,7.32,-0.0431373,298.137,-28684348.6,-0.276689
2021-10-13,7.32,0.00136799,196.562,-9054834.35,-0.134781
2021-10-14,7.37,0.00820793,187.816,-17696.5,-0.000273284
2021-10-15,7.23,-0.0189959,188.14,-5839133.62,-0.0909952
2021-10-18,7.21,0.0,150.364,7326085.0,0.143653
2021-10-19,7.29,0.00969529,152.119,3581077.12,0.068623
2021-10-20,7.12,-0.0233196,215.746,-15587612.0,-0.214187
2021-10-21,7.05,-0.00983146,244.675,-8620987.0,-0.105819
2021-10-22,6.92,-0.0170455,202.679,-9338780.1,-0.140302
2021-10-25,7.01,0.0144718,141.572,2038968.0,0.0438255
2021-10-26,7.03,0.00285307,180.459,-1804014.5,-0.0300668
2021-10-27,6.87,-0.0227596,243.979,-15509098.5,-0.195565
2021-10-28,6.55,-0.0479651,299.304,-16954532.55,-0.181085
2021-10-29,6.78,0.0351145,238.345,1549120.32,0.0206765
2021-11-01,7.08,0.0427099,365.506,7306300.0,0.0610717
2021-11-02,7.2,0.0169492,661.924,-1102459.11,-0.00490169
2021-11-03,7.03,-0.0249653,378.259,-29034651.06,-0.231772
2021-11-04,7.11,0.0142653,332.924,3616812.22,0.0323659
2021-11-05,7.13,0.00140449,289.678,-3072372.82,-0.0314613
2021-11-08,7.4,0.0378682,487.2,29647567.56,0.17585
2021-11-09,8.14,0.1,614.323,113809268.0,0.506337
2021-11-10,8.29,0.0184275,1176.87,-62191505.3,-0.135142
2021-11-11,9.13,0.1,1311.16,140446004.76,0.260656
2021-11-12,9.23,0.0109529,1116.57,10644096.75,0.0222798
2021-11-15,8.8,-0.0486486,1048.59,-47197244.62,-0.105366
2021-11-16,8.49,-0.031927,868.832,3197886.31,0.009045
2021-11-17,9.35,0.1,867.307,106349330.37,0.287892
2021-11-18,8.91,-0.0470588,885.55,-42933877.16,-0.113879
2021-11-19,9.03,0.0146067,602.526,-1706043.0,-0.00663238
2021-11-22,9.12,0.0110865,511.261,1319443.42,0.00602792
2021-11-23,9.21,0.00876232,721.012,-20217063.1,-0.0634422
2021-11-24,9.1,-0.0130152,537.739,-36610703.74,-0.157592
2021-11-25,8.95,-0.0164835,354.421,-13190817.4,-0.0875553
2021-11-26,8.98,0.00223214,350.262,-2681076.88,-0.0180212
2021-11-29,9.19,0.0268156,418.227,19399375.08,0.10945
2021-11-30,9.25,0.0087241,580.296,-19672918.28,-0.0776064
2021-12-01,9.38,0.0140541,447.905,-964210.69,-0.00491052
2021-12-02,9.64,0.031016,866.886,36172451.02,0.0925004
2021-12-03,8.9,-0.0777202,1157.51,-119622687.17,-0.237642
2021-12-06,9.07,0.0179574,727.273,7676190.76,0.0244144
2021-12-07,8.6,-0.0518192,645.573,-46421256.82,-0.175446
2021-12-08,8.83,0.0279395,467.841,12603958.05,0.0649364
2021-12-09,8.81,-0.00226501,513.268,-11370894.5,-0.0524397
2021-12-10,9.38,0.0646992,1392.12,246462288.86,0.400595
2021-12-13,9.15,-0.0265957,869.954,-80390764.24,-0.215287
2021-12-14,9.03,-0.0131148,524.799,-14902603.48,-0.0664836
2021-12-15,8.84,-0.021041,405.065,-36963832.02,-0.217076
2021-12-16,8.93,0.00903955,396.886,-18752635.28,-0.113559
2021-12-17,8.7,-0.0257559,292.419,-30924647.5,-0.256319
2021-12-20,8.66,-0.00345224,221.623,-8434977.14,-0.0930814
2021-12-21,8.86,0.0230947,366.799,20836258.28,0.137555
2021-12-22,8.89,0.00225479,359.847,-28960610.0,-0.193734
2021-12-23,9.18,0.0326209,676.031,55007355.86,0.189718
2021-12-24,8.59,-0.0622271,608.003,-73482162.44,-0.290665
2021-12-27,8.3,-0.0337602,362.481,-22390246.49,-0.157463
2021-12-28,8.48,0.0216867,210.587,6249120.23,0.0751565
2021-12-29,8.52,0.00471698,207.293,9092722.98,0.109877
2021-12-30,8.53,0.0,181.128,-9626337.0,-0.131606
2021-12-31,8.53,0.0,181.128,-9626337.0,-0.131606
2022-01-04,8.53,0.0,181.128,-9626337.0,-0.131606
2022-01-05,8.2,-0.0531178,350.847,-48490073.33,-0.352511
2022-01-06,8.22,0.00243902,152.385,1227917.5,0.0208384
2022-01-07,7.91,-0.0377129,233.175,-22155943.76,-0.249913
2022-01-10,8.07,0.021519,128.206,13094559.71,0.270703
2022-01-11,8.05,-0.00247831,104.747,-4529035.0,-0.113562
2022-01-12,8.15,0.0124224,91.7998,2039848.0,0.0580366
2022-01-13,8.02,-0.0159509,108.085,-7760198.5,-0.188573
2022-01-14,8.04,0.00249377,118.802,1718969.86,0.0381462
2022-01-17,8.14,0.00992556,141.606,9083209.93,0.167634
2022-01-18,7.85,-0.0368098,234.208,-30591693.26,-0.349777
2022-01-19,7.87,0.00254777,114.767,-3229091.0,-0.0762875
2022-01-20,7.6,-0.0330789,156.014,-13917673.2,-0.247158
2022-01-21,7.58,-0.00263158,81.6921,-3890066.0,-0.133268
2022-01-24,7.62,0.00660502,95.2745,2687153.0,0.0783318
2022-01-25,7.25,-0.0485564,106.537,-14228226.16,-0.383231
2022-01-26,7.3,0.00689655,71.2215,339593.06,0.0138245
2022-01-27,7.05,-0.0342466,109.55,-10672829.6,-0.289995
2022-01-28,7.19,0.0184136,105.749,1383093.25,0.0388626
2022-02-07,7.35,0.0222531,80.7369,5326111.0,0.191535
2022-02-08,7.45,0.0136054,103.336,1581265.0,0.0440659
2022-02-09,7.68,0.0308725,107.08,7170853.5,0.188393
2022-02-10,7.56,-0.0104712,86.3193,-8567021.0,-0.278786
2022-02-11,7.33,-0.0304233,109.024,-14019587.5,-0.369183
2022-02-14,7.26,-0.00819672,74.0125,-6386584.0,-0.2511
2022-02-15,7.34,0.00824176,102.801,1445541.0,0.0405198
2022-02-16,7.47,0.0149457,93.5722,5388462.5,0.16458
2022-02-17,7.38,-0.0107239,92.6425,-9243392.82,-0.285698
2022-02-18,7.4,0.00407056,82.1559,138994.5,0.0049076
2022-02-21,7.58,0.0257104,176.399,13016884.0,0.207576
2022-02-22,7.52,-0.00922266,122.365,-8040696.5,-0.185412
2022-02-23,7.71,0.025266,158.739,11409984.5,0.199618
2022-02-24,7.53,-0.0233463,202.407,-6831503.82,-0.0943031
2022-02-25,7.45,-0.0106242,160.703,4786609.65,0.0846575
2022-02-28,7.36,-0.0120805,109.703,-7984711.5,-0.210538
2022-03-01,7.38,0.00544959,74.1155,-1522234.0,-0.0591058
2022-03-02,7.36,-0.00135685,68.3208,621189.0,0.026208
2022-03-03,7.28,-0.0122117,114.253,-11817173.94,-0.299863
2022-03-04,7.1,-0.0233838,118.686,-11043867.7,-0.276537
2022-03-07,6.93,-0.0253165,107.338,-13050222.62,-0.369565
2022-03-08,6.65,-0.040404,129.418,-9026545.19,-0.218865
2022-03-09,6.58,-0.0105263,131.83,-6961634.6,-0.172215
2022-03-10,6.65,0.0106383,90.4435,-8354196.5,-0.293235
2022-03-11,6.7,0.0075188,89.6659,-326697.25,-0.0118136
2022-03-14,6.46,-0.0329341,71.7934,-5191481.0,-0.234128
2022-03-15,6.06,-0.0590062,131.273,-8699306.34,-0.225317
2022-03-16,6.25,0.0330578,166.747,10725271.51,0.223996
2022-03-17,6.28,0.00319489,144.397,-2366765.89,-0.0547843
2022-03-18,6.38,0.0159236,99.4967,8507959.79,0.285424
2022-03-21,6.43,0.00783699,100.962,-3427125.74,-0.111988
2022-03-22,6.41,-0.00465839,100.911,-324056.17,-0.0106466
2022-03-23,6.46,0.00780031,106.782,-2612017.87,-0.0801479
2022-03-24,6.36,-0.0185185,75.0409,-5922636.5,-0.262373
2022-03-25,6.42,0.00943396,74.3468,2337738.0,0.103718
2022-03-28,6.39,-0.00622084,88.773,-3601488.0,-0.135207
2022-03-29,6.31,-0.0125196,73.0566,-3808762.5,-0.17426
2022-03-30,6.36,0.00952381,66.4158,514818.0,0.025928
2022-03-31,6.34,-0.00314465,66.6281,-1775875.6,-0.0887005
2022-04-01,6.34,0.0,57.9778,-1159851.89,-0.067316
2022-04-06,6.43,0.0141956,77.1724,6380971.67,0.273938
2022-04-07,6.21,-0.0357143,114.136,-16225694.4,-0.479803
2022-04-08,6.1,-0.0177134,106.681,-7730909.0,-0.253064
2022-04-11,5.85,-0.0409836,114.728,-9508227.79,-0.296274
2022-04-12,5.95,0.017094,70.9958,-636869.25,-0.0325769
2022-04-13,5.9,-0.00840336,72.2678,169105.0,0.00842026
2022-04-14,5.91,0.00169492,53.7588,-1144448.24,-0.0760585
2022-04-15,5.97,0.0101523,149.333,3376812.5,0.0810462
2022-04-18,6.34,0.0637584,309.789,22727543.29,0.251903
2022-04-19,6.21,-0.0205047,286.342,-18846197.31,-0.224148
2022-04-20,6.16,-0.00805153,184.675,-2939641.7,-0.0541659
2022-04-21,5.85,-0.0518639,148.782,-12844513.01,-0.306547
2022-04-22,5.27,-0.0991453,289.059,-21142565.82,-0.291531
2022-04-25,4.77,-0.0948767,203.107,-1085272.57,-0.0230082
2022-04-26,4.61,-0.0315126,130.49,-7342170.16,-0.25259
2022-04-27,4.74,0.0281996,145.264,1024758.25,0.0326012
2022-04-28,4.71,-0.00842105,100.323,2546186.9,0.114044
2022-04-29,4.94,0.0488323,122.87,5172796.0,0.182891
2022-05-05,5.1,0.030303,110.498,81588.0,0.00308915
2022-05-06,5.07,-0.0019685,107.826,5492311.79,0.214509
2022-05-09,5.05,-0.00197628,103.525,-2355272.6,-0.0954356
2022-05-10,5.1,0.00990099,80.0802,3918187.06,0.205524
2022-05-11,5.15,0.00980392,118.714,5436214.5,0.186509
2022-05-12,5.19,0.00776699,83.9123,3458274.0,0.169055
2022-05-13,5.36,0.0307692,134.225,6296630.0,0.187763
2022-05-16,5.35,0.0,94.0572,4910797.35,0.206333
2022-05-17,5.35,0.0,85.2697,468734.5,0.0218511
2022-05-18,5.54,0.035514,136.482,8455215.5,0.239062
2022-05-19,5.55,0.00180505,97.4484,362856.48,0.0143168
2022-05-20,5.72,0.0306306,187.304,11614438.88,0.23241
2022-05-23,6.29,0.0996504,192.445,50794085.58,0.90286
2022-05-24,6.35,0.00953895,1197.45,100981711.91,0.267152
2022-05-25,6.17,-0.0283465,901.405,-22938397.0,-0.0903524
2022-05-26,5.91,-0.0421394,515.857,-23015212.41,-0.159302
2022-05-27,5.83,-0.0135364,362.899,-13204612.5,-0.131381
2022-05-30,5.8,-0.0051458,263.141,-8387718.1,-0.117957
2022-05-31,5.84,0.00689655,317.493,-4903296.5,-0.0553404
2022-06-01,5.9,0.00854701,309.825,3320893.28,0.0380807
2022-06-02,6.14,0.040678,393.092,17028942.5,0.151651
2022-06-06,6.22,0.0130293,354.402,-2079962.79,-0.0201275
2022-06-07,6.02,-0.0321543,259.103,-17090266.54,-0.231685
2022-06-08,6.04,0.00332226,214.653,-5944085.84,-0.0982501
2022-06-09,5.85,-0.0330578,149.891,-13966723.0,-0.335339
2022-06-10,5.99,0.0239316,147.611,10125063.0,0.244217
2022-06-13,6.15,0.0267112,237.643,5365682.5,0.0781736
2022-06-14,6.17,0.00325203,215.174,981710.0,0.0159192
2022-06-15,6.08,-0.0177706,227.953,-12821066.0,-0.194444
2022-06-16,6.07,-0.00164474,147.247,-13710730.68,-0.325731
2022-06-17,6.68,0.100494,938.805,209427872.2,0.72355
2022-06-20,6.58,-0.0149701,1037.2,-29523444.58,-0.0898566
2022-06-21,6.45,-0.0197568,499.808,-39929596.46,-0.261246
2022-06-22,6.61,0.0248062,589.305,12472147.54,0.0674954
2022-06-23,7.0,0.0590015,696.728,21971510.08,0.0984982
2022-06-24,6.81,-0.0130435,576.768,-22378110.0,-0.121904
2022-06-27,7.18,0.0558824,857.702,28635814.92,0.100655
2022-06-28,7.39,0.0292479,828.274,11100787.49,0.0392752
2022-06-29,6.87,-0.0703654,963.755,-51847657.0,-0.155352
2022-06-30,6.61,-0.0378457,559.211,-41848907.43,-0.237304
2022-07-01,6.46,-0.0241692,309.005,-15517889.75,-0.164739
2022-07-04,6.34,-0.0185759,254.282,-15339726.31,-0.20257
2022-07-05,6.41,0.00944882,223.041,-8289311.61,-0.12356
2022-07-06,6.29,-0.0187207,161.501,-10735284.0,-0.223979
2022-07-07,6.37,0.0127186,170.184,463756.0,0.00910958
2022-07-08,6.37,0.0,153.893,-1252819.5,-0.0271245
2022-07-11,6.24,-0.0204082,146.522,-12523881.0,-0.291068
2022-07-12,6.06,-0.0288462,147.025,-11433260.0,-0.269386
2022-07-13,6.21,0.0247525,122.906,7754823.72,0.217526
2022-07-14,6.29,0.0128824,137.161,4207769.98,0.104094
2022-07-15,6.15,-0.0191388,144.148,-3877980.0,-0.0915596
2022-07-18,6.45,0.0487805,212.821,20096639.0,0.314852
2022-07-19,6.61,0.0248062,265.288,18272021.0,0.222604
2022-07-20,6.52,-0.0136157,163.81,-6756786.8,-0.134286
2022-07-21,6.58,0.00920245,170.493,-2682690.0,-0.0510129
2022-07-22,6.57,-0.00151976,139.657,-4966683.0,-0.114812
2022-07-25,6.46,-0.0167428,122.04,194142.5,0.00520105
2022-07-26,6.6,0.0216718,215.438,5656006.32,0.0851381
2022-07-27,7.26,0.1,235.906,27032247.0,0.335022
2022-07-28,7.99,0.100551,1114.67,90309213.13,0.221698
2022-07-29,8.26,0.0337922,2464.63,147945701.26,0.154934
2022-08-01,7.63,-0.0751515,1472.53,-140031263.37,-0.261168
2022-08-02,7.57,-0.00525624,1270.97,-14891416.61,-0.0326279
2022-08-03,8.33,0.100396,1601.9,207370363.75,0.340643
2022-08-04,9.16,0.0996399,1058.94,235743474.64,0.518649
2022-08-05,9.16,0.0,3339.85,267723962.44,0.176109
2022-08-08,8.78,-0.0414847,2549.57,-385890099.89,-0.367857
2022-08-09,8.45,-0.0386803,1827.24,-143129579.72,-0.197
2022-08-10,9.31,0.100473,2570.99,365932816.65,0.341993
2022-08-11,9.33,0.00214823,2861.71,-27455659.25,-0.0212796
2022-08-12,8.9,-0.0460879,1660.02,-77409991.88,-0.108585
2022-08-15,9.77,0.100225,1403.72,413374635.01,0.652334
2022-08-16,9.55,-0.0225179,2611.57,-122279704.03,-0.100438
2022-08-17,9.92,0.0398323,2083.86,77537497.5,0.0802534
2022-08-18,9.74,-0.0191339,1660.07,-48639240.94,-0.0633329
2022-08-19,9.08,-0.0668037,1360.2,-144150785.68,-0.242207
2022-08-22,8.91,-0.0187225,752.423,-43886040.19,-0.137897
2022-08-23,9.04,0.0145903,823.989,-50488047.96,-0.142397
2022-08-24,8.15,-0.0984513,1165.79,-86199532.86,-0.185817
2022-08-25,7.86,-0.0355828,821.445,17897711.2,0.0587323
2022-08-26,7.84,-0.00254453,459.061,17466850.53,0.102079
2022-08-29,7.85,0.00127551,374.186,3328621.0,0.0240615
2022-08-30,7.69,-0.0203822,419.047,-9639134.0,-0.0628064
2022-08-31,7.21,-0.0624187,536.176,-25308393.04,-0.136317
2022-09-01,7.93,0.0998613,729.99,97652224.07,0.375366
2022-09-02,7.84,-0.0113493,992.784,9978831.6,0.0273085
2022-09-05,8.14,0.0382653,866.452,42936187.05,0.13057
2022-09-06,8.71,0.0700246,1172.17,52169398.34,0.110963
2022-09-07,9.1,0.045977,1145.26,38667081.68,0.0790831
2022-09-08,9.03,-0.00769231,701.912,-15600957.5,-0.0522351
2022-09-09,9.0,-0.00332226,453.264,-4129201.0,-0.0216438
2022-09-13,8.97,-0.00333333,420.879,-16047050.0,-0.0910389
2022-09-14,9.0,0.00334448,423.351,11202274.24,0.062402
2022-09-15,8.76,-0.0266667,500.675,-43538934.5,-0.209156
2022-09-16,8.4,-0.0410959,432.425,5100275.0,0.0293035
2022-09-19,8.29,-0.0130952,361.452,6179615.98,0.0436953
2022-09-20,8.44,0.0180941,284.016,16263773.5,0.143055
2022-09-21,8.62,0.021327,578.647,-9094045.0,-0.0385843
2022-09-22,8.44,-0.0208817,389.351,5202075.2,0.033654
2022-09-23,8.25,-0.0225118,568.8,-23860511.89,-0.103373
2022-09-26,8.15,-0.0121212,426.307,13189506.35,0.0803498
2022-09-27,8.1,-0.00613497,377.918,-9992577.95,-0.0697172
2022-09-28,7.69,-0.0506173,305.852,-15439260.0,-0.137764
2022-09-29,7.6,-0.0117035,230.66,-2989774.62,-0.0356204
2022-09-30,7.38,-0.0289474,160.113,-2302790.52,-0.0407849
2022-10-10,7.12,-0.0352304,174.971,17773.4,0.00029966
2022-10-11,7.22,0.0140449,144.809,6962534.0,0.143199
2022-10-12,7.52,0.0415512,212.598,8302375.0,0.113016
2022-10-13,7.86,0.0452128,372.154,28553519.94,0.210157
2022-10-14,8.35,0.062341,423.157,29801278.42,0.182949
2022-10-17,8.36,0.0011976,217.641,-2216884.05,-0.0260597
2022-10-18,8.46,0.0119617,255.42,2224945.08,0.02196
2022-10-19,8.29,-0.0200946,349.037,-24258683.83,-0.177935
2022-10-20,8.04,-0.0301568,229.018,-3357391.7,-0.0384937
2022-10-21,7.93,-0.0136816,161.498,-2152001.82,-0.0353467
2022-10-24,8.04,0.0138714,237.968,640804.41,0.00708207
2022-10-25,8.15,0.0136816,260.149,11447572.5,0.116291
2022-10-26,8.13,-0.00245399,251.971,18743179.16,0.193931
2022-10-27,7.95,-0.0221402,167.322,-11434596.66,-0.179255
2022-10-28,7.8,-0.0188679,268.741,-10729859.32,-0.107091
2022-10-31,8.0,0.025641,186.77,16518554.51,0.235356
2022-11-01,8.16,0.02,176.186,5918424.39,0.0881428
2022-11-02,8.37,0.0257353,269.138,21004504.96,0.199925
2022-11-03,8.43,0.00716846,187.618,5680870.3,0.0765748
2022-11-04,8.7,0.0320285,298.858,18347825.59,0.150557
2022-11-07,9.03,0.037931,406.098,34293518.73,0.198501
2022-11-08,8.89,-0.0155039,236.979,-7596239.79,-0.0760678
2022-11-09,8.84,-0.0056243,134.756,-3193055.9,-0.0567257
2022-11-10,8.58,-0.0294118,188.889,-6411428.6,-0.0830934
2022-11-11,8.46,-0.013986,182.194,-9658771.9,-0.130718
2022-11-14,8.38,-0.0106257,125.434,-1731419.16,-0.0347395
2022-11-15,8.51,0.0155131,152.764,6958432.34,0.114515
2022-11-16,8.5,-0.00234742,132.238,-6295160.24,-0.118746
2022-11-17,8.44,-0.00705882,136.076,-13271779.0,-0.247175
2022-11-18,8.41,-0.00473373,147.676,-8557218.0,-0.144513
2022-11-21,8.6,0.0225922,152.784,8955014.08,0.146738
2022-11-22,8.2,-0.0465116,242.988,-33560482.32,-0.351444
2022-11-23,8.09,-0.0134146,188.821,-4829767.86,-0.0671855
2022-11-24,8.08,-0.00123609,98.7195,-5736293.0,-0.152661
2022-11-25,7.97,-0.0136139,101.11,-9198576.0,-0.241289
2022-11-28,7.92,-0.00627353,79.3954,-3204159.0,-0.10879
2022-11-29,8.08,0.020202,112.54,1836054.0,0.043118
2022-11-30,8.35,0.0334158,210.761,13289414.88,0.16172
2022-12-01,8.4,0.00598802,214.025,4641279.49,0.0545521
2022-12-02,8.22,-0.0214286,141.759,-7790612.93,-0.141056
2022-12-05,8.2,-0.00121803,119.374,-3824252.26,-0.0826299
2022-12-06,8.27,0.00730816,150.918,956244.1,0.0164591
2022-12-07,8.16,-0.0133011,133.593,-7487806.96,-0.144667
2022-12-08,8.12,-0.00611995,86.3557,-565096.65,-0.0170022
2022-12-09,8.03,-0.0123001,104.439,-9967791.67,-0.251511
2022-12-12,7.88,-0.0174564,126.925,920092.84,0.0195163
2022-12-13,7.71,-0.0215736,112.07,-5626076.44,-0.136828
2022-12-15,7.98,0.0336788,135.002,13582091.0,0.271547
2022-12-16,7.73,-0.0313283,105.418,-9130037.5,-0.235474
2022-12-19,7.55,-0.0232859,110.504,-5222532.39,-0.131799
2022-12-20,7.74,0.0251656,116.331,10159728.0,0.241887
2022-12-21,7.71,-0.00387597,139.908,6155325.42,0.121531
2022-12-22,7.51,-0.0259403,89.1786,-6022730.44,-0.188262
2022-12-23,7.5,-0.00133156,99.2334,7013097.85,0.201898
2022-12-26,7.67,0.0226667,83.1365,4940396.38,0.165342
2022-12-27,7.64,-0.00391134,93.8515,-4163606.47,-0.124082
2022-12-28,7.47,-0.0222513,161.266,-12234635.62,-0.212083
2022-12-29,7.36,-0.0147256,96.3963,-4907794.52,-0.145671
2022-12-30,7.48,0.0163043,98.1803,5347179.0,0.154315
2023-01-03,7.62,0.0173565,87.3561,-155545.6,-0.00500805
2023-01-04,7.58,-0.00524934,88.808,2886277.0,0.0910823
2023-01-05,7.81,0.030343,190.277,8098029.04,0.11661
2023-01-06,7.77,-0.00512164,134.153,-3054548.37,-0.0616711
2023-01-09,7.85,0.010296,123.056,-2615287.5,-0.0574108
2023-01-10,7.91,0.00892857,143.435,12890113.2,0.242762
2023-01-11,7.88,-0.00379267,124.362,2174953.38,0.0467696
2023-01-12,7.97,0.0114213,98.7415,3973005.36,0.107527
2023-01-13,8.04,0.00878294,125.727,2989447.18,0.062903
2023-01-16,7.94,-0.0124378,128.117,-9330121.94,-0.19389
2023-01-17,7.93,-0.00125945,97.9762,-2480935.4,-0.0673244
2023-01-18,8.02,0.0113493,93.2124,3679030.0,0.104539
2023-01-19,7.94,-0.00997506,70.7926,-6401488.3,-0.241405
2023-01-20,8.12,0.02267,111.707,10598415.9,0.249705
2023-01-30,8.93,0.0997537,180.441,55325528.64,0.742953
2023-01-31,9.16,0.0257559,1366.42,80635030.89,0.133295
2023-02-01,9.19,0.00327511,827.497,37641053.12,0.106262
2023-02-02,10.11,0.100109,1525.92,273608891.53,0.391318
2023-02-03,10.0,-0.0108803,1644.67,-58587979.58,-0.0740499
2023-02-06,10.47,0.047,1462.04,-40352730.86,-0.0578398
2023-02-07,10.22,-0.0238777,836.509,-58851211.93,-0.147791
2023-02-08,9.83,-0.0381605,634.234,-55516663.86,-0.187279
2023-02-09,10.33,0.0508647,996.405,57884958.06,0.119808
2023-02-10,10.0,-0.032882,551.996,-44276203.2,-0.169051
2023-02-13,9.93,-0.007,375.39,-17595488.7,-0.100806
2023-02-14,9.78,-0.0151057,460.202,-11538140.72,-0.0545049
2023-02-15,9.9,0.0102041,440.707,8975934.71,0.0438336
2023-02-16,9.62,-0.0282828,487.86,11733600.86,0.0518652
2023-02-17,9.79,0.0176715,301.614,6280824.86,0.0452468
2023-02-20,9.88,0.00816326,395.589,2014537.84,0.010972
2023-02-21,9.8,-0.0091001,270.15,-8076584.45,-0.0646907
2023-02-22,9.83,0.00101833,231.084,2671039.21,0.0249263
2023-02-23,9.92,0.00915565,494.893,-10131435.71,-0.0437533
2023-02-24,9.77,-0.015121,403.375,12339456.59,0.0669975
2023-02-27,9.85,0.00818833,261.842,19294433.35,0.159145
2023-02-28,9.83,-0.00203046,301.088,-322766.25,-0.0023385
2023-03-01,9.85,0.00203459,216.761,7789042.21,0.0777134
2023-03-02,9.62,-0.0243408,237.965,-34295409.09,-0.315961
2023-03-03,9.66,0.004158,200.235,3162399.46,0.0346127
2023-03-06,9.87,0.0217391,362.691,23723582.6,0.141559
2023-03-07,9.39,-0.0486322,513.686,-63341072.81,-0.27166
2023-03-08,9.4,0.00106496,258.865,16044399.83,0.14029
2023-03-09,9.28,-0.012766,222.312,-7182789.4,-0.0740724
2023-03-10,8.91,-0.0398707,213.136,-3547220.3,-0.03925
2023-03-13,8.84,-0.00785634,158.901,5949420.34,0.0905337
2023-03-14,8.72,-0.0146893,191.138,-6623923.91,-0.0848715
2023-03-15,8.96,0.0275229,206.329,10445855.4,0.119879
2023-03-16,8.79,-0.0189732,114.357,-8832200.0,-0.184834
2023-03-17,8.81,0.00227531,118.181,-10081820.21,-0.205882
2023-03-20,8.78,-0.00340522,176.681,-6380036.86,-0.0881887
2023-03-21,9.02,0.0261661,133.312,17258237.29,0.307661
2023-03-22,9.26,0.0266075,298.437,23145764.76,0.177678
2023-03-23,9.23,-0.00323974,143.684,-757090.6,-0.012081
2023-03-24,9.7,0.0497836,430.927,50328866.08,0.258683
2023-03-27,9.75,0.00411946,239.115,415312.82,0.00377434
2023-03-28,9.64,-0.0112821,181.231,-9384225.0,-0.114
2023-03-29,9.82,0.0186722,236.831,1623006.34,0.0148271
2023-03-30,10.8,0.0997963,223.223,40578710.4,0.357274
2023-03-31,11.23,0.0398148,1626.49,-39227167.55,-0.0453145
2023-04-03,11.3,0.0062333,1481.4,-12486061.64,-0.01559
2023-04-04,11.05,-0.0255732,939.256,-17157929.67,-0.0349884
2023-04-06,10.92,-0.0117647,674.749,-30315810.57,-0.0870689
2023-04-07,10.83,-0.00733272,439.625,4140537.69,0.0184523
2023-04-10,10.69,-0.0138376,758.023,-40572910.9,-0.107519
2023-04-11,10.88,0.0206379,525.319,56665497.63,0.212843
2023-04-12,11.01,0.0138122,382.624,22725526.93,0.115013
2023-04-13,10.78,-0.02,322.857,602788.41,0.00363871
2023-04-14,10.63,-0.0129991,259.135,-701003.84,-0.00533526
2023-04-17,10.51,-0.0112888,224.599,2929558.52,0.0260617
2023-04-18,10.6,0.00664767,249.846,-7238858.37,-0.0583419
2023-04-19,10.35,-0.0235849,214.866,-8231748.0,-0.0780059
2023-04-20,10.34,-0.000966184,171.383,-7991589.5,-0.0954459
2023-04-21,10.1,-0.0241546,270.151,11255554.46,0.0869501
2023-04-24,10.38,0.0277228,379.185,8963247.74,0.0487018
2023-04-25,9.94,-0.0423892,355.221,-27300216.99,-0.163973
2023-04-26,10.37,0.0432596,325.28,12896845.5,0.082215
2023-04-27,10.35,-0.00192864,362.157,-29209886.84,-0.164139
2023-04-28,10.42,0.00676329,397.09,-15733163.88,-0.0814337
2023-05-04,10.92,0.0479846,497.375,23177900.7,0.0925551
2023-05-05,10.36,-0.0512821,399.277,-28251808.93,-0.143465
2023-05-08,10.32,-0.003861,295.494,-7928493.13,-0.0546755
2023-05-09,9.95,-0.0358527,309.0,-17928535.15,-0.122541
2023-05-10,10.43,0.0482412,348.105,29395607.82,0.1742
2023-05-11,10.39,-0.00478927,189.557,870506.17,0.00942012
2023-05-12,10.17,-0.0211742,181.031,-2135548.0,-0.0242748
2023-05-15,10.39,0.0216323,199.418,4321759.6,0.04467
2023-05-16,10.37,-0.00192493,174.678,-4342077.01,-0.050678
2023-05-17,10.65,0.027001,273.759,12654085.52,0.0927391
2023-05-18,10.91,0.0244131,324.103,24073986.97,0.145655
2023-05-19,10.73,-0.0164986,210.33,-18154951.31,-0.170809
2023-05-22,10.73,0.0,169.311,-2656307.22,-0.0312006
2023-05-23,10.6,-0.0121156,223.913,1896198.4,0.0166482
2023-05-24,10.68,0.00754717,148.063,2366501.82,0.0316518
2023-05-25,10.58,-0.0093633,184.433,-7291806.39,-0.0793094
2023-05-26,10.66,0.00756144,183.578,13184745.09,0.145197
2023-05-29,10.58,-0.00750469,128.636,-7200127.25,-0.112179
2023-05-30,10.69,0.010397,240.214,14180667.38,0.1164
2023-05-31,10.72,0.00280636,663.628,17825794.21,0.0519452
2023-06-01,10.64,-0.00931099,355.271,4467044.61,0.025207
2023-06-02,10.68,0.00564972,300.396,13145369.21,0.0863646
2023-06-05,10.83,0.0140449,283.553,5493061.28,0.0379757
2023-06-06,10.93,0.00923361,803.685,-35348768.81,-0.0840223
2023-06-07,10.54,-0.0356816,520.016,-51201314.03,-0.19658
2023-06-08,10.52,-0.00189753,317.575,946622.82,0.00595676
2023-06-09,11.57,0.0998099,726.172,206496994.73,0.535992
2023-06-12,12.73,0.100259,1444.38,390108733.42,0.457379
2023-06-13,14.0,0.0997643,1781.57,352742469.7,0.303934
2023-06-14,14.77,0.055,2967.47,272272950.73,0.130787
2023-06-15,13.28,-0.100271,2474.82,-195370185.08,-0.122069
2023-06-16,14.39,0.100153,2361.39,153317281.33,0.102149
2023-06-19,15.83,0.100069,2359.49,560534977.25,0.325816
2023-06-20,14.69,-0.0720152,2467.22,-192845204.25,-0.110588
2023-06-21,14.6,-0.00205058,1845.57,2282517.73,0.00175684
2023-06-26,15.1,0.0342466,1765.12,58394079.72,0.0468154
2023-06-27,14.92,-0.0119205,1932.26,-51457917.15,-0.0377873
2023-06-28,13.85,-0.0717158,1831.75,-171742137.4,-0.144271
2023-06-29,14.17,0.0253256,1473.55,92456698.61,0.0942744
2023-06-30,15.0,0.0585745,1588.51,89667431.69,0.0811738
2023-07-03,15.02,0.00133333,1623.06,-56945957.33,-0.0494646
2023-07-04,15.31,0.0193076,1855.58,7058660.03,0.00528899
2023-07-05,16.84,0.0999347,1702.65,421255007.68,0.318851
2023-07-06,17.26,0.0249406,2699.12,-186058538.59,-0.0890858
2023-07-07,15.53,-0.100232,2007.36,-353971778.64,-0.230626
2023-07-10,14.92,-0.0392788,1465.86,-28825151.97,-0.027464
2023-07-11,15.45,0.0355228,1462.22,3825767.74,0.0036537
2023-07-12,14.24,-0.0783172,1486.05,-140218233.1,-0.134323
2023-07-13,14.5,0.0182584,939.019,42749344.04,0.0670941
2023-07-14,15.18,0.0468966,1248.45,54783170.04,0.0626486
2023-07-17,14.87,-0.0204216,806.999,-76567194.39,-0.135491
2023-07-18,14.53,-0.0228648,788.982,-32608728.5,-0.0599809
2023-07-19,14.38,-0.00964187,597.277,4366073.42,0.0108143
2023-07-20,13.83,-0.0382476,822.945,-55395258.34,-0.101359
2023-07-21,13.7,-0.00939986,520.989,47493108.08,0.140676
2023-07-24,13.56,-0.0123816,428.086,6175086.18,0.0225074
2023-07-25,13.96,0.0294985,621.188,29545129.17,0.0730114
2023-07-26,13.25,-0.0508596,732.37,-88473085.04,-0.191364
2023-07-27,13.2,-0.00377358,475.847,-2410411.42,-0.00804318
2023-07-28,13.23,0.00227273,462.041,23206336.31,0.0809159
2023-07-31,13.19,-0.00302343,437.651,-40589545.92,-0.148154
2023-08-01,12.99,-0.015163,404.773,5464511.26,0.022093
2023-08-02,13.23,0.0176923,547.427,36390981.5,0.107558
2023-08-03,13.08,-0.00984103,387.009,-27333734.11,-0.114366
2023-08-04,13.3,0.0168196,487.655,37236558.92,0.122364
2023-08-07,13.28,-0.00150376,423.133,-30123317.71,-0.113231
2023-08-08,13.85,0.0429217,1220.96,34501709.7,0.0430096
2023-08-09,13.27,-0.0418773,735.525,-80033999.55,-0.172983
2023-08-10,13.01,-0.0181132,420.971,-39853599.04,-0.153523
2023-08-11,12.67,-0.0261337,360.975,-22428384.89,-0.102773
2023-08-14,13.03,0.0284136,375.252,33860745.51,0.149144
2023-08-15,12.72,-0.0237913,300.206,-18671082.52,-0.102949
2023-08-16,12.35,-0.0290881,306.438,-16099023.09,-0.0894182
2023-08-17,12.79,0.0356275,424.757,38439825.2,0.151535
2023-08-18,12.69,-0.00936768,333.038,-14403527.44,-0.0713698
2023-08-21,12.64,-0.00394011,228.344,-8222079.9,-0.0598943
2023-08-22,12.87,0.0181962,298.19,5406850.05,0.0303011
2023-08-23,12.71,-0.012432,522.531,-71938637.64,-0.227305
2023-08-24,12.93,0.0173092,533.514,13707345.77,0.0428289
2023-08-25,12.62,-0.0239753,397.407,-38874563.86,-0.165181
2023-08-28,12.4,-0.0174326,544.348,-98990138.8,-0.304218
2023-08-29,13.45,0.0846774,1559.22,370328499.35,0.379798
2023-08-30,13.26,-0.0141264,915.701,-23677733.99,-0.0413758
2023-08-31,13.33,0.00527903,683.951,-36219586.76,-0.0848668
2023-09-01,13.43,0.00750188,729.621,-6702658.44,-0.0146651
2023-09-04,13.32,-0.00819062,516.867,-32435179.51,-0.100617
2023-09-05,13.34,0.0015015,512.474,-12143333.15,-0.0379598
2023-09-06,13.9,0.041979,1361.71,66348113.12,0.0750674
2023-09-07,13.16,-0.0532374,756.967,-154786209.05,-0.327489
2023-09-08,13.06,-0.00759878,513.522,-3703443.59,-0.0118673
2023-09-11,13.25,0.0145482,456.972,6829423.48,0.0242513
2023-09-12,13.7,0.0339623,845.111,85275196.59,0.158181
2023-09-13,13.39,-0.0226277,581.778,-50549537.32,-0.138997
2023-09-14,12.81,-0.0433159,489.352,-64457839.47,-0.216448
2023-09-15,12.84,0.00234192,326.163,-40612064.72,-0.205354
2023-09-18,12.94,0.00778816,310.106,14436152.34,0.0764638
2023-09-19,12.67,-0.0208655,253.799,-22543823.89,-0.148923
2023-09-20,12.62,-0.00237154,182.363,-16765719.38,-0.154148
2023-09-21,12.41,-0.0166403,255.407,-28054187.02,-0.187795
2023-09-22,12.59,0.0145044,245.138,13162826.16,0.0914323
2023-09-25,12.82,0.0182685,338.515,32581095.5,0.160453
2023-09-26,12.56,-0.0202808,229.155,-33752568.82,-0.247533
2023-09-27,12.53,-0.00238854,203.345,-21845882.95,-0.181827
2023-09-28,12.67,0.0111732,242.213,1845120.89,0.0127941
2023-10-09,13.92,0.100395,1091.31,329492720.41,0.473596
2023-10-10,14.38,0.033046,1849.11,45206831.45,0.0361137
2023-10-11,14.2,-0.0125174,959.015,-71208547.22,-0.111128
2023-10-12,14.45,0.0176056,1019.19,26856598.77,0.0389728
2023-10-13,15.09,0.0442907,1489.98,86309333.53,0.0828907
2023-10-16,14.63,-0.0304838,947.506,-131243615.46,-0.202119
2023-10-17,14.29,-0.0232399,689.1,-29619405.59,-0.0639558
2023-10-18,14.57,0.0195941,960.118,17528299.29,0.0267883
2023-10-19,13.81,-0.052162,817.267,-105514845.14,-0.196703
2023-10-20,13.67,-0.0101376,466.194,-18433206.39,-0.0612559
2023-10-23,13.59,-0.00585223,452.679,-40120406.78,-0.138174
2023-10-24,13.98,0.0286976,611.926,2377082.99,0.00591361
2023-10-25,14.8,0.0586552,1085.31,87553751.64,0.118272
2023-10-26,15.1,0.0202703,1150.84,43865468.39,0.054399
2023-10-27,14.81,-0.0192053,881.587,-83771161.68,-0.135346
2023-10-30,14.71,-0.00608108,582.648,-50114888.92,-0.123955
2023-10-31,15.27,0.0373641,1579.39,197060072.58,0.17187
2023-11-01,16.3,0.0674525,1856.56,169060441.94,0.121272
2023-11-02,15.83,-0.0288344,1927.5,-73616579.43,-0.0491624
2023-11-03,16.12,0.0183196,1266.47,-94690397.67,-0.0994566
2023-11-06,17.34,0.0756824,1768.99,144416710.44,0.102064
2023-11-07,18.15,0.0461095,2024.08,-43730950.03,-0.0260684
2023-11-08,17.47,-0.0374656,1410.77,-166387199.86,-0.142667
2023-11-09,15.73,-0.100114,1343.49,-257751817.33,-0.254269
2023-11-10,14.87,-0.0546726,1056.08,-71075603.88,-0.0954142
2023-11-13,14.81,-0.00403497,611.009,25502669.98,0.0601719
2023-11-14,14.86,0.0033761,538.832,-13657268.81,-0.0364654
2023-11-15,14.89,0.00201884,652.868,-14461353.23,-0.0318654
2023-11-16,14.84,-0.00335796,511.979,-33964735.06,-0.0947974
2023-11-17,15.05,0.0141509,607.162,35833751.83,0.0842047
2023-11-20,14.97,-0.00531561,478.371,-43089014.0,-0.128707
2023-11-21,15.47,0.0340909,1040.07,68797162.08,0.0923292
2023-11-22,14.78,-0.0446025,637.019,-132985043.7,-0.296717
2023-11-23,14.9,0.00811908,405.818,-8702441.86,-0.0305973
2023-11-24,14.14,-0.0510067,662.66,-75094059.36,-0.168487
2023-11-27,14.08,-0.00424328,372.385,-20958339.24,-0.0846493
2023-11-28,14.47,0.0269695,471.628,43892060.93,0.138956
2023-11-29,14.29,-0.0124395,421.822,-12652003.18,-0.0441203
2023-11-30,14.01,-0.0195941,390.521,-44905716.19,-0.174589
2023-12-01,14.23,0.0157031,391.702,20241670.77,0.0780202
2023-12-04,14.13,-0.00702741,289.024,-20741214.04,-0.107212
2023-12-05,13.74,-0.0276008,288.595,-20654968.25,-0.109667
2023-12-06,13.66,-0.00582242,272.603,-19939309.04,-0.113594
2023-12-07,13.41,-0.0175824,282.017,-3570402.32,-0.0199518
2023-12-08,13.29,-0.00894855,237.793,-1191580.8,-0.00798818
2023-12-11,13.47,0.013544,230.187,17607050.72,0.121531
2023-12-12,13.58,0.0081663,188.047,2024309.85,0.0169319
2023-12-13,13.46,-0.00883652,219.759,-13067345.95,-0.093772
2023-12-14,13.31,-0.0111441,155.396,-25273941.74,-0.258272
2023-12-15,13.19,-0.00901578,151.748,-6444346.6,-0.0684024
2023-12-18,13.94,0.0568613,783.442,69099265.64,0.136125
2023-12-19,13.52,-0.0301291,431.005,-41398441.4,-0.150726
2023-12-20,13.12,-0.0317343,290.119,-40835843.43,-0.225588
2023-12-21,13.24,0.00914634,259.729,2597217.82,0.0163075
2023-12-22,13.41,0.0128399,439.08,-15167215.07,-0.0546169
2023-12-25,14.15,0.0551827,715.199,76839659.53,0.165773
2023-12-26,14.28,0.00918728,810.07,-2038332.92,-0.00376541
2023-12-27,13.75,-0.0371148,525.353,-83092200.91,-0.243742
2023-12-28,13.83,0.00581818,418.376,-10201364.54,-0.037839
2023-12-29,13.92,0.00650759,343.471,-19076058.1,-0.0854439
2024-01-02,13.74,-0.0122214,245.747,-25542839.19,-0.159736
2024-01-03,13.19,-0.0400291,349.18,-58596078.72,-0.267898
2024-01-04,13.32,0.00985595,200.835,8551407.04,0.0683723
2024-01-05,13.77,0.0337838,737.036,44009663.76,0.0915453
2024-01-08,14.73,0.0697168,1205.77,178789963.68,0.218198
2024-01-09,14.44,-0.0196877,836.592,-105230011.28,-0.185844
2024-01-10,14.5,0.00415512,852.89,22103615.39,0.0375696
2024-01-11,14.83,0.0227586,838.623,-10983798.36,-0.0193944
2024-01-12,14.19,-0.0431558,592.226,-74217673.85,-0.18553
2024-01-15,13.62,-0.0401691,456.248,-48790675.71,-0.16608
2024-01-16,13.91,0.0212922,377.413,12592089.37,0.0520891
2024-01-17,13.14,-0.0553559,357.241,-68819750.2,-0.304889
2024-01-18,12.52,-0.0471842,520.938,-34925172.24,-0.115379
2024-01-19,11.77,-0.0599042,413.563,-62679875.64,-0.266981
2024-01-22,11.55,-0.0186916,462.803,965826.37,0.00384006
2024-01-23,11.42,-0.0112554,317.675,-14312848.02,-0.0846135
2024-01-24,11.44,0.00175131,299.611,-5762478.0,-0.0361636
2024-01-25,11.75,0.0270979,341.73,19469439.06,0.104424
2024-01-26,11.57,-0.0153191,270.86,-21488733.1,-0.145027
2024-01-29,11.15,-0.0363008,224.107,-26770380.06,-0.223438
2024-01-30,10.87,-0.0251121,230.262,-20110874.21,-0.167432
2024-01-31,10.16,-0.0653174,357.854,-21294896.19,-0.121085
2024-02-01,10.25,0.00885827,255.521,12644774.86,0.102822
2024-02-02,10.15,-0.0097561,356.739,-23843356.08,-0.138423
2024-02-05,9.2,-0.0935961,362.04,-20351977.81,-0.126185
2024-02-06,9.67,0.051087,322.019,18406927.0,0.129609
2024-02-07,9.79,0.0124095,333.223,-18173825.78,-0.117939
2024-02-08,10.77,0.100102,457.081,97646343.75,0.436784
2024-02-19,11.02,0.0232126,469.376,-28434487.55,-0.117248
2024-02-20,11.04,0.00181488,330.898,-205739.49,-0.00121109
2024-02-21,11.14,0.00905797,512.138,-13270326.93,-0.0487677
2024-02-22,11.4,0.0233393,384.931,18991567.44,0.092774
2024-02-23,11.77,0.0324561,515.025,13765371.31,0.0492695
2024-02-26,11.84,0.00594732,469.92,-3923183.98,-0.0149434
2024-02-27,12.23,0.0329392,412.498,14776436.92,0.0629743
2024-02-28,11.31,-0.0752249,603.675,-55077737.19,-0.162992
2024-02-29,12.07,0.0671972,537.453,52041612.05,0.173826
2024-03-01,12.28,0.0173985,494.73,9069561.26,0.0321944
2024-03-04,13.19,0.0741042,1249.99,179904583.14,0.235013
2024-03-05,12.66,-0.040182,846.072,-108711026.25,-0.214785
2024-03-06,12.68,0.00157978,459.595,-20179914.83,-0.0736604
2024-03-07,12.4,-0.022082,413.327,-27012527.74,-0.110451
2024-03-08,12.54,0.0112903,331.876,15277176.18,0.0789041
2024-03-11,12.92,0.030303,532.258,41270927.72,0.129512
2024-03-12,13.39,0.0363777,789.4,14080816.85,0.0287599
2024-03-13,13.22,-0.012696,503.605,-39462083.58,-0.125566
2024-03-14,12.95,-0.021164,390.399,-32946064.92,-0.138275
2024-03-15,13.3,0.027027,444.119,22821400.36,0.0831243
2024-03-18,13.4,0.0075188,451.77,3581398.94,0.0126485
2024-03-19,13.28,-0.00895522,340.859,-6839749.8,-0.0320496
2024-03-20,13.27,-0.000753012,313.846,-21549604.16,-0.11052
2024-03-21,13.19,-0.00602864,242.648,-18964053.29,-0.126245
2024-03-22,12.86,-0.025019,346.966,-49831512.55,-0.237337
2024-03-25,12.37,-0.0381026,289.214,-21779855.56,-0.126933
2024-03-26,12.35,-0.00161681,250.751,-19357444.22,-0.133266
2024-03-27,11.65,-0.0559157,323.995,-13765751.91,-0.0758426
2024-03-28,12.01,0.0309013,244.353,16185162.35,0.118318
2024-03-29,12.14,0.0108243,187.076,3440047.28,0.0324525
2024-04-01,12.48,0.0280066,213.828,28237705.17,0.227194
2024-04-02,12.23,-0.0200321,211.332,-14542979.44,-0.119476
2024-04-03,11.92,-0.0253475,224.96,-14911484.84,-0.117629
2024-04-08,11.81,-0.00922819,175.264,-13303170.32,-0.135516
2024-04-09,11.99,0.0152413,164.973,8645581.55,0.0937591
2024-04-10,12.41,0.0341667,584.599,35281154.52,0.105221
2024-04-11,11.9,-0.0410959,511.303,-46490849.54,-0.161121
2024-04-12,12.17,0.0226891,960.97,-10794899.11,-0.0189903
2024-04-15,11.57,-0.0493016,612.07,-80427620.3,-0.237579
2024-04-16,10.65,-0.079516,656.169,-8441508.01,-0.022053
2024-04-17,11.3,0.0600375,623.135,64476925.71,0.172843
2024-04-18,11.33,0.00265487,494.725,23227421.66,0.0764504
2024-04-19,11.4,0.00617829,349.66,7260873.1,0.0339736
2024-04-22,11.36,-0.00350877,319.645,-7675059.85,-0.0392441
2024-04-23,11.31,-0.00440141,235.428,-15620265.9,-0.108942
2024-04-24,11.65,0.0300619,304.076,46691969.23,0.248652
2024-04-25,11.65,-0.000857633,288.235,3610450.16,0.0199798
2024-04-26,11.87,0.0188841,323.339,14021246.96,0.0683332
2024-04-29,12.11,0.020219,389.71,14581441.0,0.0580301
2024-04-30,12.06,-0.00412882,320.953,-24382791.26,-0.117324
2024-05-06,12.25,0.0157546,292.874,5063933.0,0.0262964
2024-05-07,12.15,-0.00816326,240.982,-19230800.65,-0.122374
2024-05-08,11.79,-0.0296296,219.443,-13208136.52,-0.0942726
2024-05-09,11.91,0.0101781,220.567,1267955.7,0.008987
2024-05-10,11.55,-0.0302267,307.783,-33647060.35,-0.175129
2024-05-13,11.25,-0.025974,219.18,-15144460.68,-0.114139
2024-05-14,11.25,0.0,195.044,-11013677.51,-0.0932116
2024-05-15,11.0,-0.0213523,232.274,-23411549.57,-0.169158
2024-05-16,11.0,0.0,214.116,-13869562.82,-0.108968
2024-05-17,11.07,0.00636364,270.328,-18456518.51,-0.116078
2024-05-20,11.04,-0.00271003,238.146,-23883016.1,-0.169243
2024-05-21,10.93,-0.0108597,184.688,-18972159.36,-0.175065
2024-05-22,10.97,0.00365965,163.712,-3655379.36,-0.0379897
2024-05-23,10.68,-0.0264357,224.667,-35661879.62,-0.275249
2024-05-24,10.64,-0.00374532,177.056,-11644909.76,-0.114856
2024-05-27,10.77,0.012218,194.644,7590355.55,0.068446
2024-05-28,10.59,-0.0167131,133.111,-7787659.0,-0.102223
2024-05-29,10.69,0.00944287,178.603,-7649820.0,-0.074948
2024-05-30,10.71,0.00187091,160.897,2368610.56,0.0255439
2024-05-31,10.83,0.0112045,172.261,11381852.0,0.113778
2024-06-03,10.62,-0.0193906,204.584,-26969718.52,-0.229924
2024-06-04,10.54,-0.00753296,172.448,-5928104.85,-0.0610835
2024-06-05,10.34,-0.0189753,140.527,-12965059.68,-0.16446
2024-06-06,10.06,-0.0270793,232.396,-26040021.1,-0.206335
2024-06-07,10.25,0.0188867,167.187,2132928.5,0.0233699
2024-06-11,10.29,0.00390244,145.2,6305413.03,0.0794814
2024-06-12,10.41,0.0116618,145.454,7918220.0,0.0979567
2024-06-13,10.39,-0.00192123,130.048,-7353432.12,-0.101756
2024-06-14,10.08,-0.00099108,138.707,-9187219.68,-0.123031
2024-06-17,10.09,0.000992064,126.075,4264935.0,0.0622149
2024-06-18,10.28,0.0188305,150.715,19210692.1,0.232751
2024-06-19,10.15,-0.0126459,149.318,-18656324.45,-0.226951
2024-06-20,9.8,-0.0344828,191.541,-25047700.1,-0.24536
2024-06-21,9.83,0.00306122,107.27,-4854368.06,-0.0858342
2024-06-24,9.35,-0.0488301,181.613,-13907118.0,-0.150245
2024-06-25,9.54,0.0203209,216.631,11718326.8,0.105189
2024-06-26,9.73,0.0199161,147.723,8149568.0,0.107353
2024-06-27,9.42,-0.0318602,148.42,-11189103.0,-0.146959
2024-06-28,9.52,0.0106157,163.208,12480274.0,0.149177
2024-07-01,9.79,0.0283613,177.991,19140345.31,0.207417
2024-07-02,9.9,0.011236,226.081,-9899637.53,-0.0820765
2024-07-03,9.75,-0.0151515,157.502,-8379827.38,-0.101032
2024-07-04,9.59,-0.0154004,126.215,-7869982.82,-0.120139
2024-07-05,9.64,0.00521376,126.512,79260.11,0.00122948
2024-07-08,9.31,-0.0342324,131.436,-15870476.92,-0.239936
2024-07-09,10.05,0.0806452,676.888,150439651.64,0.414426
2024-07-10,10.14,0.00895522,544.608,-3081501.49,-0.0104161
2024-07-11,10.73,0.0581854,603.447,40979435.11,0.120259
2024-07-12,10.52,-0.0195713,374.139,-52356645.56,-0.24991
2024-07-15,10.38,-0.013308,194.021,-23826336.6,-0.220843
2024-07-17,10.1,-0.0250965,175.787,-21590412.64,-0.225022
2024-07-18,9.93,-0.0168317,211.285,-22368600.54,-0.20042
2024-07-19,9.94,0.00100705,173.781,-9347048.82,-0.100797
2024-07-22,9.83,-0.0110664,205.964,-11692497.74,-0.108057
2024-07-23,9.45,-0.0386572,230.228,-18394246.98,-0.154965
2024-07-24,9.12,-0.0349206,338.461,-28011891.5,-0.168513
2024-07-25,9.4,0.0307018,251.706,25255597.2,0.202217
2024-07-26,9.16,-0.0255319,445.235,-43990103.41,-0.20159
2024-07-29,9.0,-0.0174672,258.824,-38482183.43,-0.306461
2024-07-30,8.96,-0.00444444,238.88,1237209.83,0.0108624
2024-07-31,9.25,0.0323661,293.035,15895384.34,0.110316
2024-08-01,9.28,0.00324324,272.253,-9908655.2,-0.0729378
2024-08-02,9.1,-0.0193966,201.943,-21101376.63,-0.211934
2024-08-05,8.74,-0.0395604,269.087,-40799262.6,-0.316352
2024-08-06,8.84,0.0102857,181.601,3477775.54,0.0404546
2024-08-07,8.87,0.00339367,115.08,-677415.1,-0.0123806
2024-08-08,8.79,-0.00901917,162.546,340371.72,0.00446568
2024-08-09,8.71,-0.00910125,116.866,-14316210.0,-0.259305
2024-08-12,8.55,-0.0183697,136.402,-13807327.39,-0.21931
2024-08-13,8.61,0.00701754,91.9102,2390533.11,0.0567246
2024-08-14,8.59,-0.00232288,78.1514,886220.04,0.0245529
2024-08-15,8.71,0.0139697,120.152,7251597.88,0.129811
2024-08-16,8.61,-0.0114811,104.749,-13847096.7,-0.284298
2024-08-19,8.62,0.00116144,79.7623,-743612.98,-0.0201184
2024-08-20,8.45,-0.0208575,124.277,-18413630.98,-0.325842
2024-08-21,8.34,-0.0130178,100.85,-8289871.0,-0.182821
2024-08-22,8.07,-0.0323741,152.336,-12946608.93,-0.193915
2024-08-23,8.14,0.0086741,114.638,9447598.3,0.189618
2024-08-26,8.26,0.014742,94.6241,4634995.6,0.110646
2024-08-27,8.09,-0.0205811,85.756,-5155849.25,-0.137513
2024-08-28,8.26,0.0210136,120.012,5336998.97,0.100978
2024-08-29,8.39,0.0157385,123.524,7591616.35,0.137035
2024-08-30,8.57,0.0214541,229.662,11090387.35,0.104821
2024-09-02,8.58,0.00116686,192.48,-5737621.4,-0.0643735
2024-09-03,8.8,0.025641,201.697,13732734.69,0.144965
2024-09-04,8.8,0.0,142.893,-2341132.1,-0.034695
2024-09-05,8.81,0.00113636,114.277,-1548705.01,-0.028718
2024-09-06,8.69,-0.0136209,105.897,-6117767.2,-0.123303
2024-09-09,8.71,0.0023015,96.9804,7797170.0,0.17275
2024-09-10,8.8,0.010333,86.9804,8207513.06,0.20152
2024-09-11,8.78,-0.00227273,71.8188,-2225345.0,-0.0657555
2024-09-12,8.77,-0.00113895,90.3256,-1578887.18,-0.0368266
2024-09-13,8.58,-0.0216648,103.572,-12606243.84,-0.261765
2024-09-18,8.75,0.0198135,122.04,7799364.5,0.138114
2024-09-19,8.93,0.0205714,141.727,16882548.86,0.249245
2024-09-20,8.91,-0.00223964,100.529,-7673080.2,-0.159098
2024-09-23,8.93,0.00224467,81.3672,680794.0,0.0174607
2024-09-24,9.1,0.019037,192.56,10952318.21,0.117753
2024-09-25,9.09,-0.0010989,275.13,-17541637.9,-0.129323
2024-09-26,9.26,0.0187019,218.397,22282657.0,0.207136
2024-09-27,9.63,0.0399568,398.458,20539054.76,0.100877
2024-09-30,10.46,0.086189,627.538,24275697.01,0.0709006
2024-10-08,11.1,0.0611855,752.149,-51536485.07,-0.115404
2024-10-09,10.27,-0.0747748,458.379,-8238900.21,-0.0317457
2024-10-10,10.27,0.0,274.1,-2765914.41,-0.0181747
2024-10-11,10.12,-0.0155642,283.941,-24951743.05,-0.161346
2024-10-14,10.68,0.055336,474.106,35528642.19,0.131832
2024-10-15,10.2,-0.0449438,387.843,-51527358.86,-0.239346
2024-10-16,10.02,-0.0176471,222.095,-14583473.38,-0.122279
2024-10-17,9.9,-0.010989,196.366,-16129506.08,-0.152831
2024-10-18,10.49,0.0606673,526.024,89021798.2,0.303104
2024-10-21,10.77,0.0266921,850.009,57015983.01,0.114585
2024-10-22,10.61,-0.0166821,388.645,-40604570.95,-0.183069
2024-10-23,10.8,0.0179076,545.836,22528900.87,0.0707803
2024-10-24,10.51,-0.0268519,357.106,-49116933.74,-0.241355
2024-10-25,10.57,0.00570885,278.352,-8024512.0,-0.0506828
2024-10-28,10.66,0.00756144,263.363,-2474638.5,-0.0164925
2024-10-29,10.85,0.0178236,584.042,23961549.39,0.0707505
2024-10-30,10.78,-0.00645161,366.898,-21972673.45,-0.103356
2024-10-31,10.7,-0.00834106,338.56,-23578370.95,-0.121019
2024-11-01,11.77,0.1,786.778,355022157.91,0.720584
2024-11-04,11.72,-0.00424809,1578.09,-85995776.8,-0.0840932
2024-11-05,11.9,0.0153584,1014.25,11333046.6,0.0175226
2024-11-06,11.62,-0.0235294,938.604,-80251483.42,-0.135418
2024-11-07,11.79,0.0155039,610.606,-13560656.01,-0.0355653
2024-11-08,11.68,-0.00932994,555.771,-44418624.36,-0.126167
2024-11-11,11.98,0.0256849,541.299,55985864.85,0.162443
2024-11-12,11.82,-0.0133556,523.584,-50489604.14,-0.150137
2024-11-13,11.66,-0.0135364,364.071,-33646340.11,-0.148789
2024-11-14,11.23,-0.0368782,299.289,-22779060.42,-0.124199
2024-11-15,10.89,-0.030276,270.932,-33458041.86,-0.206958
2024-11-18,10.63,-0.0256645,261.524,-26594834.22,-0.176613
2024-11-19,10.91,0.0263405,186.357,4733013.9,0.0439389
2024-11-20,11.35,0.04033,345.513,13399419.52,0.0646958
2024-11-21,11.31,-0.00352423,251.989,-20418938.2,-0.13382
2024-11-22,10.71,-0.044603,249.057,-42159563.54,-0.286752
2024-11-25,10.87,0.0149393,163.679,1454784.0,0.0153323
2024-11-26,10.68,-0.0174793,125.784,-21716773.0,-0.298446
2024-11-27,10.74,0.00561798,159.934,-9976612.0,-0.110382
2024-11-28,10.78,0.00372439,151.436,-20563.36,-0.000234028
2024-11-29,10.93,0.0148561,217.965,11933522.3,0.0941322
2024-12-02,11.37,0.0402562,336.375,23119889.23,0.113391
2024-12-03,11.39,0.00175901,277.783,5933753.0,0.0351101
2024-12-04,11.43,0.00351185,343.047,15877600.0,0.0752978
2024-12-05,11.62,0.0166229,345.189,26343960.46,0.122822
2024-12-06,11.62,0.0,272.571,-8821849.18,-0.0520953
2024-12-09,11.75,0.0120586,339.982,31201959.34,0.146108
2024-12-10,11.98,0.0195745,690.031,98882821.94,0.2217
2024-12-11,12.36,0.0317195,588.272,98601210.12,0.256412
2024-12-12,12.57,0.0169903,636.108,29517435.4,0.0697033
2024-12-13,12.29,-0.0222753,377.414,-49632327.46,-0.197568
2024-12-16,11.94,-0.0284784,384.069,-44678103.15,-0.180332
2024-12-17,11.85,-0.00753769,431.532,-43358222.55,-0.157895
2024-12-18,11.96,0.0092827,219.552,10891700.0,0.0771662
2024-12-19,12.15,0.0158863,208.016,21384072.97,0.159786
2024-12-20,12.19,0.00329218,312.147,-6412692.58,-0.0312346
2024-12-23,11.62,-0.0467596,279.754,-39656190.99,-0.22252
2024-12-24,11.72,0.00860585,222.384,-600006.55,-0.00429391
2024-12-25,11.5,-0.0187713,201.004,-8622516.0,-0.069706
2024-12-26,12.25,0.0652174,452.54,54785744.35,0.186438
2024-12-27,12.13,-0.00979592,267.876,-17718849.0,-0.101537
2024-12-30,12.02,-0.00906843,207.593,-14011877.2,-0.104128
2024-12-31,11.6,-0.035744,231.859,-40416816.0,-0.276839
2025-01-02,11.61,0.00259067,317.878,15653274.73,0.0781621
2025-01-03,10.96,-0.0559862,303.636,-31898090.45,-0.174005
2025-01-06,10.94,-0.00182482,167.012,-4719559.7,-0.0480909
2025-01-07,11.44,0.0457038,246.801,21040721.96,0.14112
2025-01-08,11.35,-0.00786713,231.309,-18224434.01,-0.130969
2025-01-09,12.49,0.100441,609.223,353773407.61,0.876263
2025-01-10,13.74,0.10008,1027.71,156237449.99,0.211496
2025-01-13,13.1,-0.0465793,2298.37,6159660.3,0.0036154
2025-01-14,13.49,0.029771,2004.91,86440494.79,0.0593733
2025-01-15,13.89,0.0296516,2005.28,40262524.36,0.027185
2025-01-16,13.48,-0.0295176,1372.98,-149605949.96,-0.151483
2025-01-17,12.89,-0.0437685,1090.48,-81166426.67,-0.106513
2025-01-20,13.49,0.0465477,1449.64,194585699.38,0.184468
2025-01-21,13.28,-0.0155671,976.357,-31421493.85,-0.0454298
2025-01-22,13.04,-0.0195489,641.582,-67166666.38,-0.149113
2025-01-23,13.3,0.0199386,1435.7,64021974.18,0.0611856
2025-01-24,14.63,0.1,1465.34,859217271.67,0.761044
2025-01-27,13.28,-0.0922761,1563.27,-253948282.44,-0.223601
2025-02-05,12.69,-0.0400908,1099.84,-115613943.03,-0.154074
2025-02-06,13.15,0.036249,873.092,42396392.6,0.0700991
2025-02-07,13.43,0.0228484,1102.85,-940457.0,-0.0011904
2025-02-10,13.42,-0.000744602,797.514,-59572279.5,-0.105235
2025-02-11,13.26,-0.0119225,627.786,-70021564.44,-0.156719
2025-02-12,13.83,0.0429864,1332.8,70322992.6,0.0722342
2025-02-13,14.09,0.0187997,1450.19,12296862.53,0.0112995
2025-02-14,13.7,-0.0290574,854.561,-182140550.19,-0.289211
2025-02-17,14.45,0.0547445,1268.41,145071070.1,0.151302
2025-02-18,13.99,-0.0318339,1204.95,-90855441.83,-0.0978634
2025-02-19,15.11,0.0800572,1561.52,177400175.46,0.141466
2025-02-20,15.02,-0.00595632,970.311,-48526317.53,-0.0619412
2025-02-21,15.34,0.0213049,1137.45,34479627.27,0.0366333
2025-02-24,16.87,0.0997392,1119.44,389814661.91,0.393046
2025-02-25,17.64,0.0456432,2019.58,-51409429.65,-0.0274104
2025-02-26,17.59,-0.00283447,1903.75,9467269.88,0.00513425
2025-02-27,18.48,0.0505969,1892.97,59441331.38,0.0337722
2025-02-28,16.96,-0.0817542,1406.0,-111383789.74,-0.0827464
2025-03-03,16.61,-0.0206368,945.506,2401688.0,0.00280009
2025-03-04,16.47,-0.00783133,804.433,-32697683.0,-0.0464879
2025-03-05,16.87,0.0267803,761.611,42921031.5,0.0615533
2025-03-06,17.2,0.0195614,712.036,30235217.5,0.0458499
2025-03-07,16.81,-0.0226744,463.026,-87080928.0,-0.2075
2025-03-10,17.08,0.0160619,492.727,3017835.91,0.00675847
2025-03-11,16.84,-0.0140515,513.375,-67825641.82,-0.147693
2025-03-12,17.35,0.027235,741.627,60020032.12,0.0858097
2025-03-13,16.63,-0.0414986,614.246,-84025262.44,-0.153167
2025-03-14,16.98,0.0216607,405.739,23845561.5,0.0650442
2025-03-17,17.91,0.0547703,783.159,92722830.0,0.125285
2025-03-18,18.0,0.00446429,809.663,-19844151.5,-0.0253998
2025-03-19,17.22,-0.0433333,737.408,-104042592.86,-0.151765
2025-03-20,16.8,-0.0243902,648.514,-42432607.0,-0.0717742
2025-03-21,15.99,-0.0482143,594.267,-126153561.76,-0.244985
2025-03-24,16.22,0.0150188,377.427,-13258426.0,-0.0411349
2025-03-25,15.41,-0.0499383,361.132,-43948059.7,-0.143878
2025-03-26,15.59,0.0116807,274.927,19045889.5,0.0823713
2025-03-27,15.57,-0.00128287,202.129,656343.66,0.00388765
2025-03-28,15.19,-0.0244059,266.667,-35077613.6,-0.15926
2025-03-31,14.9,-0.0190915,397.355,-10537657.5,-0.0335132
2025-04-01,14.69,-0.014094,232.868,-22416471.76,-0.121001
2025-04-02,14.82,0.00816326,214.378,16510897.0,0.0965213
2025-04-03,14.54,-0.0188934,215.785,-24028881.5,-0.142134
2025-04-07,13.09,-0.0997249,139.576,-31028547.0,-0.314701
2025-04-08,11.78,-0.100076,471.14,-76060461.0,-0.251064
2025-04-09,12.07,0.024618,601.933,37147507.5,0.100034
2025-04-10,12.69,0.051367,563.314,28075294.92,0.0723122
2025-04-11,13.66,0.0764381,639.627,80613790.9,0.175544
2025-04-14,14.71,0.0768668,756.022,69210631.15,0.116977
2025-04-15,14.54,-0.0115568,507.932,10688070.58,0.026961
2025-04-16,14.66,0.00756014,527.047,18144927.0,0.0425941
2025-04-17,14.79,0.00886767,330.771,13447375.0,0.0504902
2025-04-18,14.28,-0.0344828,340.462,-39103561.5,-0.146129
2025-04-21,15.18,0.0630252,475.886,105416738.0,0.277232
2025-04-22,14.68,-0.0329381,320.082,-60407630.5,-0.234243
2025-04-23,15.3,0.0443686,556.857,54824375.81,0.11878
2025-04-24,15.25,-0.00326797,554.178,-60792876.84,-0.130693
2025-04-25,14.97,-0.0183607,335.397,-26624779.5,-0.0969379
2025-04-28,14.68,-0.0193721,298.469,11061978.22,0.0459866
2025-04-29,14.75,0.00476839,216.109,11247351.5,0.0643208
2025-04-30,15.19,0.0298305,314.177,43417352.36,0.168141
2025-05-06,16.04,0.0559579,641.804,83378499.19,0.151273
2025-05-07,15.74,-0.0187032,445.634,-56575495.68,-0.146291
2025-05-08,15.89,0.00760939,305.146,5117069.5,0.0193211
2025-05-09,15.5,-0.0251572,375.003,-23378036.73,-0.0732055
2025-05-12,15.81,0.02,416.568,7825184.0,0.0217384
2025-05-13,15.58,-0.0145478,250.848,-43268266.5,-0.200925
2025-05-14,15.59,0.00257235,404.124,-20833762.14,-0.0600779
2025-05-15,15.11,-0.030789,292.568,-32288546.5,-0.132452
2025-05-16,15.4,0.0191926,371.438,63445308.0,0.202185
2025-05-19,15.55,0.00974026,446.764,4675016.0,0.012692
2025-05-20,16.07,0.0334405,601.909,77219879.0,0.148696
2025-05-21,15.43,-0.0398258,547.554,-101045954.0,-0.216365
2025-05-22,15.06,-0.0239793,258.587,-52089791.5,-0.242837
2025-05-23,15.32,0.0179402,565.485,88783969.68,0.185133
2025-05-26,15.05,-0.017624,362.624,-35667723.0,-0.120015
2025-05-27,14.68,-0.0245847,241.573,-49084993.8,-0.252865
2025-05-28,14.61,-0.00408998,183.347,-9979532.0,-0.0678602
2025-05-29,14.69,0.0054757,293.712,-1272393.3,-0.00535292
2025-05-30,14.2,-0.033356,264.995,-56793911.28,-0.274643
2025-06-03,14.21,0.000704225,188.286,4883450.01,0.0335341
2025-06-04,14.27,0.00422238,260.18,19293336.0,0.0954211
2025-06-05,14.81,0.0378416,502.202,108152944.93,0.266755
2025-06-06,14.4,-0.027684,301.635,-42687620.76,-0.179344
2025-06-09,14.39,-0.000694444,273.701,-20483722.5,-0.0949215
2025-06-10,14.01,-0.0264072,318.222,-65503557.54,-0.268911
2025-06-11,14.18,0.0121342,205.485,-1216493.67,-0.00762664
2025-06-12,14.37,0.0141143,220.303,17086462.0,0.0995321
2025-06-13,13.63,-0.0312722,242.181,-31869168.5,-0.174447
2025-06-16,14.31,0.0498899,461.601,81753232.34,0.229388
2025-06-17,14.4,0.00628931,629.211,-113440806.61,-0.22628
2025-06-18,14.31,-0.00762829,346.102,-7177056.5,-0.0268317
2025-06-19,14.32,0.000698812,311.981,14127216.82,0.0575353
2025-06-20,14.0,-0.0223464,209.151,-28407784.0,-0.176323
2025-06-23,14.04,0.00285714,142.35,-401042.0,-0.00368605
2025-06-24,14.57,0.0377493,355.605,75035483.5,0.268071
2025-06-25,14.7,0.00892244,285.358,32609909.0,0.142611
2025-06-26,14.51,-0.0149355,229.907,-29401261.92,-0.16061
2025-06-27,15.05,0.0372157,526.629,91960742.0,0.213987
2025-06-30,14.97,-0.00531561,312.783,-67345275.0,-0.263232
2025-07-01,15.72,0.0508021,842.981,141524887.8,0.201289
2025-07-02,15.14,-0.0368957,476.961,-79557657.55,-0.19975
2025-07-03,15.25,0.00461133,220.978,2638423.85,0.0144313
2025-07-04,14.78,-0.0308197,307.764,-66677243.0,-0.265714
2025-07-07,14.88,0.0067659,200.132,-16139629.95,-0.100297
2025-07-08,15.4,0.0356422,418.495,56703190.11,0.162781
2025-07-09,15.15,-0.0162338,238.098,-52103881.4,-0.263375
2025-07-10,15.14,-0.000660066,230.434,-21742214.65,-0.115149
2025-07-11,14.91,-0.0158416,226.061,-45002834.17,-0.243568
2025-07-14,15.26,0.0234742,322.486,74582738.98,0.278822
2025-07-15,15.44,0.0117955,367.013,32312044.88,0.105061
2025-07-16,15.61,0.0110104,327.142,62395678.12,0.224229
2025-07-17,15.79,0.0115311,291.717,40896829.34,0.163933
2025-07-18,16.01,0.0139329,569.962,37485824.18,0.0753473
2025-07-21,15.85,-0.00999375,364.897,-86781598.94,-0.276293
2025-07-22,15.87,0.00126183,328.515,-1476797.59,-0.0051818
2025-07-23,15.61,-0.0163831,353.008,-34054907.1,-0.113734
2025-07-24,15.71,0.00640615,286.468,3017439.13,0.0122554
2025-07-25,16.63,0.0585614,924.531,269860820.18,0.326677
2025-07-28,16.64,0.000601323,415.003,-40694981.85,-0.108294
2025-07-29,16.49,-0.00901442,323.403,-75851831.9,-0.261
2025-07-30,16.21,-0.01698,275.79,-49115833.88,-0.201393
2025-07-31,17.12,0.0554871,872.901,155575082.68,0.190944
2025-08-01,16.92,-0.0116822,513.929,-28084987.69,-0.0585001
2025-08-04,17.7,0.0460993,677.227,112526116.01,0.176089
2025-08-05,17.81,0.00621469,550.009,-19183380.66,-0.0361432
2025-08-06,19.59,0.0999439,394.939,319853330.63,0.760029
2025-08-07,20.23,0.0326697,2429.31,-346161888.49,-0.12605
2025-08-08,21.3,0.0528917,2372.02,592459204.36,0.218639
2025-08-11,22.86,0.0732394,2453.06,425599662.21,0.144021
2025-08-12,22.25,-0.0266842,1994.62,-382418152.52,-0.156465
2025-08-13,24.48,0.100225,1795.91,1144594325.88,0.49193
2025-08-14,26.93,0.100082,2075.71,79621875.72,0.0272441
2025-08-15,29.62,0.0998886,2652.84,319249835.28,0.0787121
2025-08-18,32.58,0.0999325,1838.77,629528079.47,0.196917
2025-08-19,32.59,0.000306937,2816.18,-482162500.06,-0.0967131
2025-08-20,32.12,-0.0192366,2106.86,-271354861.11,-0.0754995
2025-08-21,28.91,-0.0999377,1611.34,-1001185143.09,-0.388002
2025-08-22,28.34,-0.0197164,1609.45,107473524.01,0.0435491
2025-08-25,28.27,-0.00317348,1593.83,-50048759.29,-0.020315
2025-08-26,27.91,-0.0127343,1604.79,-65117056.33,-0.0259916
2025-08-27,27.54,-0.0121951,1611.0,-14393051.08,-0.00580921
2025-08-28,27.75,0.00799128,1390.82,37612531.03,0.0183334
2025-08-29,27.08,-0.0241441,1010.09,-193087603.29,-0.128863
2025-09-01,26.53,-0.0188609,854.792,-69179331.42,-0.0558509
2025-09-02,25.64,-0.0335469,1450.34,-5383115.04,-0.00263275
2025-09-03,24.94,-0.0273011,670.422,-71039588.57,-0.077232
2025-09-04,23.92,-0.0428171,670.285,-59942193.78,-0.067594
2025-09-05,24.54,0.0259197,630.132,133168798.98,0.158864
2025-09-08,24.42,-0.00488998,509.917,2037829.53,0.00298624
2025-09-09,24.75,0.0135135,942.195,-8309612.16,-0.00651743
2025-09-10,26.48,0.0707643,1667.71,244067921.54,0.103772
2025-09-11,26.95,0.0177492,1549.75,-119491617.42,-0.0528956
2025-09-12,26.04,-0.0337662,1126.91,-227516530.69,-0.14067
2025-09-15,25.46,-0.0222734,682.314,-83860927.94,-0.0884219
2025-09-16,26.14,0.0267086,791.151,95514305.92,0.0849365
2025-09-17,26.82,0.0260138,1006.53,66769383.71,0.0456234
2025-09-18,27.76,0.0350485,1642.38,260381488.44,0.10511
2025-09-19,26.5,-0.045389,933.762,-233931702.78,-0.171348
2025-09-22,27.86,0.0513208,982.312,234750069.49,0.159857
2025-09-23,27.32,-0.0193826,1220.57,-176788078.28,-0.0958689
2025-09-24,25.35,-0.0721083,1151.63,-117375320.71,-0.0735213
2025-09-25,26.02,0.02643,844.764,131444404.28,0.108467
2025-09-26,24.39,-0.0626441,770.2,-185049426.25,-0.17718
2025-09-29,24.73,0.0139401,408.227,72614729.93,0.132311
2025-09-30,24.37,-0.0145572,396.099,-47047278.73,-0.0887854
